date,close,real
2011-12-31,4.58,True
2012-01-01,5.0,True
2012-01-02,5.0,True
2012-01-03,5.32,True
2012-01-04,5.57,True
2012-01-05,6.65,True
2012-01-06,6.9,True
2012-01-07,6.8,True
2012-01-08,7.0,True
2012-01-09,6.9,True
2012-01-10,7.14,True
2012-01-11,7.33,True
2012-01-12,7.38,True
2012-01-13,7.36,True
2012-01-14,6.5,True
2012-01-15,7.15,True
2012-01-16,7.1,True
2012-01-17,6.9,True
2012-01-18,7.1,True
2012-01-19,7.0,True
2012-01-20,6.95,True
2012-01-21,6.77,True
2012-01-22,6.83,True
2012-01-23,6.52,True
2012-01-24,6.57,True
2012-01-25,6.86,True
2012-01-26,6.3,True
2012-01-27,6.03,True
2012-01-28,4.91,True
2012-01-29,5.9,True
2012-01-30,5.58,True
2012-01-31,6.22,True
2012-02-01,5.99,True
2012-02-02,6.28,True
2012-02-03,6.35,True
2012-02-04,6.5,True
2012-02-05,6.15,True
2012-02-06,5.9,True
2012-02-07,5.88,True
2012-02-08,5.87,True
2012-02-09,5.89,True
2012-02-10,5.88,True
2012-02-11,5.71,True
2012-02-12,5.78,True
2012-02-13,5.79,True
2012-02-14,5.8,True
2012-02-15,5.08,True
2012-02-16,4.98,True
2012-02-17,4.8,True
2012-02-18,4.73,True
2012-02-19,4.38,True
2012-02-20,4.72,True
2012-02-21,4.58,True
2012-02-22,4.59,True
2012-02-23,5.22,True
2012-02-24,5.22,True
2012-02-25,5.11,True
2012-02-26,5.07,True
2012-02-27,5.1,True
2012-02-28,5.1,True
2012-02-29,5.0,True
2012-03-01,5.05,True
2012-03-02,4.98,True
2012-03-03,4.99,True
2012-03-04,4.81,True
2012-03-05,5.06,True
2012-03-06,5.05,True
2012-03-07,5.09,True
2012-03-08,5.08,True
2012-03-09,5.07,True
2012-03-10,4.99,True
2012-03-11,5.0,True
2012-03-12,4.99,True
2012-03-13,5.32,True
2012-03-14,5.44,True
2012-03-15,5.43,True
2012-03-16,5.41,True
2012-03-17,5.42,True
2012-03-18,5.42,True
2012-03-19,5.37,True
2012-03-20,4.97,True
2012-03-21,4.96,True
2012-03-22,4.98,True
2012-03-23,4.88,True
2012-03-24,4.83,True
2012-03-25,4.84,True
2012-03-26,4.75,True
2012-03-27,4.97,True
2012-03-28,4.95,True
2012-03-29,4.93,True
2012-03-30,4.91,True
2012-03-31,4.92,True
2012-04-01,4.89,True
2012-04-02,5.04,True
2012-04-03,5.04,True
2012-04-04,5.01,True
2012-04-05,5.04,True
2012-04-06,4.99,True
2012-04-07,4.93,True
2012-04-08,4.8,True
2012-04-09,4.85,True
2012-04-10,4.87,True
2012-04-11,4.92,True
2012-04-12,4.93,True
2012-04-13,4.95,True
2012-04-14,5.01,True
2012-04-15,4.99,True
2012-04-16,4.98,True
2012-04-17,4.99,True
2012-04-18,5.18,True
2012-04-19,5.18,True
2012-04-20,5.38,True
2012-04-21,5.43,True
2012-04-22,5.25,True
2012-04-23,5.23,True
2012-04-24,5.15,True
2012-04-25,5.14,True
2012-04-26,5.12,True
2012-04-27,5.08,True
2012-04-28,5.07,True
2012-04-29,4.96,True
2012-04-30,5.02,True
2012-05-01,5.04,True
2012-05-02,5.15,True
2012-05-03,5.13,True
2012-05-04,5.15,True
2012-05-05,5.11,True
2012-05-06,5.1,True
2012-05-07,5.08,True
2012-05-08,5.08,True
2012-05-09,5.08,True
2012-05-10,5.04,True
2012-05-11,4.97,True
2012-05-12,4.97,True
2012-05-13,4.95,True
2012-05-14,4.99,True
2012-05-15,5.01,True
2012-05-16,5.04,True
2012-05-17,5.03,True
2012-05-18,5.07,True
2012-05-19,5.08,True
2012-05-20,5.08,True
2012-05-21,5.09,True
2012-05-22,5.07,True
2012-05-23,5.1,True
2012-05-24,5.12,True
2012-05-25,5.1,True
2012-05-26,5.09,True
2012-05-27,5.08,True
2012-05-28,5.08,True
2012-05-29,5.12,True
2012-05-30,5.14,True
2012-05-31,5.17,True
2012-06-01,5.24,True
2012-06-02,5.21,True
2012-06-03,5.2,True
2012-06-04,5.24,True
2012-06-05,5.49,True
2012-06-06,5.49,True
2012-06-07,5.53,True
2012-06-08,5.63,True
2012-06-09,5.62,True
2012-06-10,5.54,True
2012-06-11,5.57,True
2012-06-12,5.9,True
2012-06-13,6.0,True
2012-06-14,5.91,True
2012-06-15,6.42,True
2012-06-16,6.52,True
2012-06-17,6.47,True
2012-06-18,6.34,True
2012-06-19,6.49,True
2012-06-20,6.65,True
2012-06-21,6.69,True
2012-06-22,6.67,True
2012-06-23,6.61,True
2012-06-24,6.45,True
2012-06-25,6.35,True
2012-06-26,6.46,True
2012-06-27,6.68,True
2012-06-28,6.54,True
2012-06-29,6.63,True
2012-06-30,6.61,True
2012-07-01,6.62,True
2012-07-02,6.64,True
2012-07-03,6.66,True
2012-07-04,6.55,True
2012-07-05,6.66,True
2012-07-06,6.6,True
2012-07-07,6.79,True
2012-07-08,6.8,True
2012-07-09,6.99,True
2012-07-10,7.13,True
2012-07-11,7.15,True
2012-07-12,7.59,True
2012-07-13,7.69,True
2012-07-14,7.58,True
2012-07-15,7.57,True
2012-07-16,8.3,True
2012-07-17,8.8,True
2012-07-18,9.15,True
2012-07-19,9.2,True
2012-07-20,8.75,True
2012-07-21,8.91,True
2012-07-22,8.8,True
2012-07-23,8.88,True
2012-07-24,8.8,True
2012-07-25,8.64,True
2012-07-26,8.83,True
2012-07-27,8.91,True
2012-07-28,8.99,True
2012-07-29,8.79,True
2012-07-30,9.0,True
2012-07-31,9.28,True
2012-08-01,9.5,True
2012-08-02,10.52,True
2012-08-03,11.99,True
2012-08-04,11.2,True
2012-08-05,10.93,True
2012-08-06,10.99,True
2012-08-07,10.87,True
2012-08-08,11.04,True
2012-08-09,12.49,True
2012-08-10,11.5,True
2012-08-11,11.4,True
2012-08-12,11.69,True
2012-08-13,11.98,True
2012-08-14,12.3,True
2012-08-15,13.2,True
2012-08-16,13.5,True
2012-08-17,16.0,True
2012-08-18,12.99,True
2012-08-19,11.86,True
2012-08-20,10.33,True
2012-08-21,10.51,True
2012-08-22,10.71,True
2012-08-23,10.19,True
2012-08-24,10.51,True
2012-08-25,10.58,True
2012-08-26,10.62,True
2012-08-27,11.93,True
2012-08-28,11.21,True
2012-08-29,11.05,True
2012-08-30,10.91,True
2012-08-31,10.8,True
2012-09-01,10.2,True
2012-09-02,10.18,True
2012-09-03,10.55,True
2012-09-04,10.5,True
2012-09-05,10.99,True
2012-09-06,11.15,True
2012-09-07,11.1,True
2012-09-08,11.11,True
2012-09-09,11.04,True
2012-09-10,11.08,True
2012-09-11,11.04,True
2012-09-12,11.14,True
2012-09-13,11.42,True
2012-09-14,11.7,True
2012-09-15,11.65,True
2012-09-16,11.8,True
2012-09-17,11.88,True
2012-09-18,12.28,True
2012-09-19,12.5,True
2012-09-20,12.66,True
2012-09-21,12.35,True
2012-09-22,12.25,True
2012-09-23,12.11,True
2012-09-24,11.99,True
2012-09-25,12.18,True
2012-09-26,12.2,True
2012-09-27,12.38,True
2012-09-28,12.28,True
2012-09-29,12.28,True
2012-09-30,12.28,True
2012-10-01,12.27,True
2012-10-02,12.7,True
2012-10-03,12.98,True
2012-10-04,12.9,True
2012-10-05,12.7,True
2012-10-06,12.6,True
2012-10-07,12.45,True
2012-10-08,11.99,True
2012-10-09,12.26,True
2012-10-10,12.25,True
2012-10-11,12.13,True
2012-10-12,12.1,True
2012-10-13,12.0,True
2012-10-14,11.9,True
2012-10-15,11.84,True
2012-10-16,11.94,True
2012-10-17,11.97,True
2012-10-18,11.9,True
2012-10-19,11.84,True
2012-10-20,11.7,True
2012-10-21,11.68,True
2012-10-22,11.57,True
2012-10-23,11.7,True
2012-10-24,11.62,True
2012-10-25,11.39,True
2012-10-26,10.84,True
2012-10-27,10.75,True
2012-10-28,10.75,True
2012-10-29,10.8,True
2012-10-30,10.81,True
2012-10-31,11.0,True
2012-11-01,11.05,True
2012-11-02,10.96,True
2012-11-03,10.69,True
2012-11-04,10.68,True
2012-11-05,10.8,True
2012-11-06,10.8,True
2012-11-07,10.84,True
2012-11-08,10.83,True
2012-11-09,10.84,True
2012-11-10,10.87,True
2012-11-11,10.85,True
2012-11-12,10.92,True
2012-11-13,10.99,True
2012-11-14,10.98,True
2012-11-15,11.05,True
2012-11-16,11.6,True
2012-11-17,11.65,True
2012-11-18,11.65,True
2012-11-19,11.65,True
2012-11-20,11.69,True
2012-11-21,11.67,True
2012-11-22,12.12,True
2012-11-23,12.16,True
2012-11-24,12.29,True
2012-11-25,12.35,True
2012-11-26,12.4,True
2012-11-27,12.23,True
2012-11-28,12.3,True
2012-11-29,12.41,True
2012-11-30,12.45,True
2012-12-01,12.46,True
2012-12-02,12.46,True
2012-12-03,12.6,True
2012-12-04,13.01,True
2012-12-05,13.43,True
2012-12-06,13.59,True
2012-12-07,13.48,True
2012-12-08,13.37,True
2012-12-09,13.36,True
2012-12-10,13.4,True
2012-12-11,13.41,True
2012-12-12,13.49,True
2012-12-13,13.52,True
2012-12-14,13.94,True
2012-12-15,13.57,True
2012-12-16,13.44,True
2012-12-17,13.29,True
2012-12-18,13.43,True
2012-12-19,13.4,True
2012-12-20,13.44,True
2012-12-21,13.41,True
2012-12-22,13.37,True
2012-12-23,13.29,True
2012-12-24,13.24,True
2012-12-25,13.25,True
2012-12-26,13.19,True
2012-12-27,13.25,True
2012-12-28,13.29,True
2012-12-29,13.28,True
2012-12-30,13.29,True
2012-12-31,13.29,True
2013-01-01,13.24,True
2013-01-02,13.19,True
2013-01-03,13.26,True
2013-01-04,13.24,True
2013-01-05,13.19,True
2013-01-06,13.15,True
2013-01-07,13.2,True
2013-01-08,13.5,True
2013-01-09,13.65,True
2013-01-10,14.19,True
2013-01-11,14.1,True
2013-01-12,14.07,True
2013-01-13,14.03,True
2013-01-14,14.1,True
2013-01-15,14.32,True
2013-01-16,14.65,True
2013-01-17,15.47,True
2013-01-18,15.7,True
2013-01-19,15.65,True
2013-01-20,15.69,True
2013-01-21,16.97,True
2013-01-22,17.6,True
2013-01-23,17.6,True
2013-01-24,19.2,True
2013-01-25,17.7,True
2013-01-26,17.49,True
2013-01-27,17.6,True
2013-01-28,18.74,True
2013-01-29,19.85,True
2013-01-30,19.47,True
2013-01-31,21.0,True
2013-02-01,20.9,True
2013-02-02,20.53,True
2013-02-03,20.59,True
2013-02-04,20.7,True
2013-02-05,20.68,True
2013-02-06,20.99,True
2013-02-07,21.96,True
2013-02-08,22.6,True
2013-02-09,23.5,True
2013-02-10,23.7,True
2013-02-11,23.94,True
2013-02-12,25.85,True
2013-02-13,25.97,True
2013-02-14,27.5,True
2013-02-15,27.56,True
2013-02-16,27.58,True
2013-02-17,27.5,True
2013-02-18,27.0,True
2013-02-19,29.5,True
2013-02-20,30.07,True
2013-02-21,30.14,True
2013-02-22,31.49,True
2013-02-23,30.44,True
2013-02-24,30.37,True
2013-02-25,30.49,True
2013-02-26,31.5,True
2013-02-27,31.77,True
2013-02-28,34.42,True
2013-03-01,34.75,True
2013-03-02,34.77,True
2013-03-03,34.34,True
2013-03-04,37.0,True
2013-03-05,41.0,True
2013-03-06,49.17,True
2013-03-07,44.98,True
2013-03-08,44.37,True
2013-03-09,46.0,True
2013-03-10,47.0,True
2013-03-11,48.38,True
2013-03-12,48.25,True
2013-03-13,47.09,True
2013-03-14,47.97,True
2013-03-15,47.29,True
2013-03-16,47.0,True
2013-03-17,47.24,True
2013-03-18,51.0,True
2013-03-19,59.99,True
2013-03-20,67.9,True
2013-03-21,76.91,True
2013-03-22,74.47,True
2013-03-23,71.2,True
2013-03-24,71.0,True
2013-03-25,77.61,True
2013-03-26,86.0,True
2013-03-27,89.99,True
2013-03-28,96.9,True
2013-03-29,94.0,True
2013-03-30,95.0,True
2013-03-31,96.15,True
2013-04-01,106.5,True
2013-04-02,116.0,True
2013-04-03,146.77,True
2013-04-04,142.0,True
2013-04-05,143.73,True
2013-04-06,143.8,True
2013-04-07,165.0,True
2013-04-08,198.0,True
2013-04-09,235.29,True
2013-04-10,259.34,True
2013-04-11,179.0,True
2013-04-12,109.99,True
2013-04-13,118.48,True
2013-04-14,99.99,True
2013-04-15,99.7,True
2013-04-16,81.99,True
2013-04-17,98.01,True
2013-04-18,111.0,True
2013-04-19,137.35,True
2013-04-20,129.79,True
2013-04-21,129.0,True
2013-04-22,125.0,True
2013-04-23,138.53,True
2013-04-24,160.99,True
2013-04-25,159.9,True
2013-04-26,142.52,True
2013-04-27,148.61,True
2013-04-28,136.99,True
2013-04-29,146.31,True
2013-04-30,144.99,True
2013-05-01,140.3,True
2013-05-02,127.0,True
2013-05-03,107.92,True
2013-05-04,115.5,True
2013-05-05,118.76,True
2013-05-06,123.92,True
2013-05-07,112.94,True
2013-05-08,116.29,True
2013-05-09,113.9,True
2013-05-10,119.98,True
2013-05-11,118.5,True
2013-05-12,117.86,True
2013-05-13,117.48,True
2013-05-14,117.9,True
2013-05-15,113.0,True
2013-05-16,113.35,True
2013-05-17,118.16,True
2013-05-18,118.55,True
2013-05-19,118.98,True
2013-05-20,118.94,True
2013-05-21,118.56,True
2013-05-22,119.46,True
2013-05-23,123.9,True
2013-05-24,129.93,True
2013-05-25,129.73,True
2013-05-26,130.29,True
2013-05-27,130.6,True
2013-05-28,127.1,True
2013-05-29,130.4,True
2013-05-30,131.0,True
2013-05-31,129.28,True
2013-06-01,128.86,True
2013-06-02,128.8,True
2013-06-03,125.0,True
2013-06-04,123.62,True
2013-06-05,122.74,True
2013-06-06,121.33,True
2013-06-07,119.16,True
2013-06-08,112.46,True
2013-06-09,110.0,True
2013-06-10,107.9,True
2013-06-11,108.0,True
2013-06-12,111.0,True
2013-06-13,108.43,True
2013-06-14,102.95,True
2013-06-15,105.0,True
2013-06-16,101.11,True
2013-06-17,101.33,True
2013-06-18,108.0,True
2013-06-19,107.1,True
2013-06-20,107.97,True
2013-06-21,104.17,True
2013-06-22,102.4,True
2013-06-23,101.45,True
2013-06-24,102.3,True
2013-06-25,100.99,True
2013-06-26,99.56,True
2013-06-27,98.76,True
2013-06-28,96.98,True
2013-06-29,91.61,True
2013-06-30,90.29,True
2013-07-01,90.16,True
2013-07-02,88.44,True
2013-07-03,89.52,True
2013-07-04,81.94,True
2013-07-05,79.4,True
2013-07-06,72.87,True
2013-07-07,73.96,True
2013-07-08,76.94,True
2013-07-09,76.01,True
2013-07-10,86.2,True
2013-07-11,89.25,True
2013-07-12,99.99,True
2013-07-13,92.02,True
2013-07-14,92.92,True
2013-07-15,95.0,True
2013-07-16,93.9,True
2013-07-17,92.37,True
2013-07-18,90.97,True
2013-07-19,87.11,True
2013-07-20,87.07,True
2013-07-21,86.99,True
2013-07-22,87.05,True
2013-07-23,88.77,True
2013-07-24,88.48,True
2013-07-25,90.58,True
2013-07-26,91.76,True
2013-07-27,90.16,True
2013-07-28,94.01,True
2013-07-29,93.5,True
2013-07-30,97.0,True
2013-07-31,101.0,True
2013-08-01,98.44,True
2013-08-02,98.71,True
2013-08-03,97.0,True
2013-08-04,96.61,True
2013-08-05,98.92,True
2013-08-06,98.9,True
2013-08-07,98.31,True
2013-08-08,97.14,True
2013-08-09,95.75,True
2013-08-10,94.25,True
2013-08-11,94.58,True
2013-08-12,96.18,True
2013-08-13,98.19,True
2013-08-14,101.0,True
2013-08-15,100.01,True
2013-08-16,99.0,True
2013-08-17,99.82,True
2013-08-18,99.99,True
2013-08-19,105.16,True
2013-08-20,104.87,True
2013-08-21,113.75,True
2013-08-22,113.02,True
2013-08-23,109.9,True
2013-08-24,110.33,True
2013-08-25,113.28,True
2013-08-26,113.3,True
2013-08-27,118.93,True
2013-08-28,119.63,True
2013-08-29,120.0,True
2013-08-30,126.14,True
2013-08-31,134.95,True
2013-09-01,132.09,True
2013-09-02,131.99,True
2013-09-03,131.0,True
2013-09-04,129.94,True
2013-09-05,127.5,True
2013-09-06,124.54,True
2013-09-07,121.49,True
2013-09-08,120.94,True
2013-09-09,124.0,True
2013-09-10,124.24,True
2013-09-11,127.7,True
2013-09-12,128.5,True
2013-09-13,128.79,True
2013-09-14,128.0,True
2013-09-15,126.25,True
2013-09-16,126.71,True
2013-09-17,127.68,True
2013-09-18,127.99,True
2013-09-19,127.95,True
2013-09-20,125.95,True
2013-09-21,124.06,True
2013-09-22,123.5,True
2013-09-23,123.99,True
2013-09-24,124.0,True
2013-09-25,125.0,True
2013-09-26,124.9,True
2013-09-27,126.96,True
2013-09-28,127.0,True
2013-09-29,128.76,True
2013-09-30,127.53,True
2013-10-01,127.93,True
2013-10-02,127.8,True
2013-10-03,118.74,True
2013-10-04,122.98,True
2013-10-05,122.29,True
2013-10-06,122.49,True
2013-10-07,124.45,True
2013-10-08,125.16,True
2013-10-09,127.99,True
2013-10-10,126.8,True
2013-10-11,127.41,True
2013-10-12,128.0,True
2013-10-13,133.0,True
2013-10-14,138.22,True
2013-10-15,145.0,True
2013-10-16,147.0,True
2013-10-17,144.82,True
2013-10-18,153.73,True
2013-10-19,172.0,True
2013-10-20,166.6,True
2013-10-21,181.93,True
2013-10-22,196.27,True
2013-10-23,203.96,True
2013-10-24,206.4,True
2013-10-25,194.0,True
2013-10-26,190.0,True
2013-10-27,195.0,True
2013-10-28,197.5,True
2013-10-29,205.0,True
2013-10-30,206.0,True
2013-10-31,203.75,True
2013-11-01,203.54,True
2013-11-02,205.02,True
2013-11-03,210.0,True
2013-11-04,230.38,True
2013-11-05,250.5,True
2013-11-06,265.0,True
2013-11-07,297.8,True
2013-11-08,334.4,True
2013-11-09,363.65,True
2013-11-10,340.0,True
2013-11-11,349.9,True
2013-11-12,357.0,True
2013-11-13,399.89,True
2013-11-14,421.97,True
2013-11-15,431.36,True
2013-11-16,446.02,True
2013-11-17,480.0,True
2013-11-18,669.01,True
2013-11-19,750.0,True
2013-11-20,617.0,True
2013-11-21,730.0,True
2013-11-22,799.8,True
2013-11-23,874.8,True
2013-11-24,841.98,True
2013-11-25,838.07,True
2013-11-26,919.0,True
2013-11-27,969.0,True
2013-11-28,1050.0,True
2013-11-29,1141.0,True
2013-11-30,1163.0,True
2013-12-01,1123.11,True
2013-12-02,1055.1,True
2013-12-03,1087.8,True
2013-12-04,1151.89,True
2013-12-05,1138.58,True
2013-12-06,1033.13,True
2013-12-07,844.0,True
2013-12-08,793.99,True
2013-12-09,899.99,True
2013-12-10,989.6,True
2013-12-11,988.0,True
2013-12-12,895.94,True
2013-12-13,920.42,True
2013-12-14,886.24,True
2013-12-15,869.98,True
2013-12-16,863.62,True
2013-12-17,749.0,True
2013-12-18,678.0,True
2013-12-19,697.9,True
2013-12-20,719.96,True
2013-12-21,648.75,True
2013-12-22,674.19,True
2013-12-23,665.0,True
2013-12-24,667.01,True
2013-12-25,681.1,True
2013-12-26,764.32,True
2013-12-27,761.45,True
2013-12-28,734.56,True
2013-12-29,732.0,True
2013-12-30,739.99,True
2013-12-31,739.0,True
2014-01-01,754.94,True
2014-01-02,798.69,True
2014-01-03,817.25,True
2014-01-04,829.95,True
2014-01-05,937.0,True
2014-01-06,995.0,True
2014-01-07,943.0,True
2014-01-08,849.78,True
2014-01-09,846.98,True
2014-01-10,860.08,True
2014-01-11,906.6,True
2014-01-12,904.98,True
2014-01-13,843.6,True
2014-01-14,836.99,True
2014-01-15,850.25,True
2014-01-16,848.0,True
2014-01-17,819.99,True
2014-01-18,817.0,True
2014-01-19,842.07,True
2014-01-20,845.0,True
2014-01-21,834.5,True
2014-01-22,824.99,True
2014-01-23,823.28,True
2014-01-24,811.74,True
2014-01-25,817.0,True
2014-01-26,833.46,True
2014-01-27,823.0,True
2014-01-28,812.93,True
2014-01-29,804.95,True
2014-01-30,812.0,True
2014-01-31,809.98,True
2014-02-01,827.11,True
2014-02-02,825.21,True
2014-02-03,815.0,True
2014-02-04,812.98,True
2014-02-05,810.0,True
2014-02-06,796.57,True
2014-02-07,766.42,True
2014-02-08,722.74,True
2014-02-09,730.0,True
2014-02-10,713.0,True
2014-02-11,719.0,True
2014-02-12,685.0,True
2014-02-13,660.0,True
2014-02-14,709.0,True
2014-02-15,671.14,True
2014-02-16,670.0,True
2014-02-17,664.99,True
2014-02-18,649.99,True
2014-02-19,636.0,True
2014-02-20,631.0,True
2014-02-21,588.92,True
2014-02-22,619.0,True
2014-02-23,646.0,True
2014-02-24,627.88,True
2014-02-25,545.0,True
2014-02-26,610.0,True
2014-02-27,599.99,True
2014-02-28,589.64,True
2014-03-01,575.99,True
2014-03-02,570.99,True
2014-03-03,710.0,True
2014-03-04,701.0,True
2014-03-05,679.97,True
2014-03-06,675.55,True
2014-03-07,670.0,True
2014-03-08,639.72,True
2014-03-09,652.0,True
2014-03-10,646.59,True
2014-03-11,641.43,True
2014-03-12,656.95,True
2014-03-13,650.0,True
2014-03-14,645.0,True
2014-03-15,639.88,True
2014-03-16,639.39,True
2014-03-17,634.99,True
2014-03-18,624.17,True
2014-03-19,621.0,True
2014-03-20,611.3,True
2014-03-21,607.87,True
2014-03-22,571.99,True
2014-03-23,569.45,True
2014-03-24,592.43,True
2014-03-25,587.48,True
2014-03-26,592.0,True
2014-03-27,581.59,True
2014-03-28,528.97,True
2014-03-29,507.99,True
2014-03-30,492.0,True
2014-03-31,484.87,True
2014-04-01,502.01,True
2014-04-02,494.88,True
2014-04-03,464.45,True
2014-04-04,459.0,True
2014-04-05,464.8,True
2014-04-06,465.0,True
2014-04-07,463.49,True
2014-04-08,459.8,True
2014-04-09,457.3,True
2014-04-10,442.46,True
2014-04-11,432.13,True
2014-04-12,439.5,True
2014-04-13,427.75,True
2014-04-14,475.0,True
2014-04-15,528.75,True
2014-04-16,547.17,True
2014-04-17,533.8,True
2014-04-18,506.96,True
2014-04-19,507.43,True
2014-04-20,516.06,True
2014-04-21,514.97,True
2014-04-22,504.83,True
2014-04-23,495.2,True
2014-04-24,504.01,True
2014-04-25,503.99,True
2014-04-26,470.0,True
2014-04-27,461.97,True
2014-04-28,452.16,True
2014-04-29,454.47,True
2014-04-30,453.44,True
2014-05-01,465.22,True
2014-05-02,462.99,True
2014-05-03,454.5,True
2014-05-04,442.46,True
2014-05-05,444.92,True
2014-05-06,434.0,True
2014-05-07,451.49,True
2014-05-08,450.07,True
2014-05-09,457.08,True
2014-05-10,459.1,True
2014-05-11,458.2,True
2014-05-12,443.63,True
2014-05-13,442.75,True
2014-05-14,449.96,True
2014-05-15,452.67,True
2014-05-16,452.41,True
2014-05-17,451.48,True
2014-05-18,451.43,True
2014-05-19,450.0,True
2014-05-20,498.99,True
2014-05-21,499.1,True
2014-05-22,530.0,True
2014-05-23,547.0,True
2014-05-24,529.04,True
2014-05-25,586.11,True
2014-05-26,592.6,True
2014-05-27,594.81,True
2014-05-28,582.26,True
2014-05-29,581.58,True
2014-05-30,629.3,True
2014-05-31,628.5,True
2014-06-01,683.0,True
2014-06-02,675.1,True
2014-06-03,680.98,True
2014-06-04,673.61,True
2014-06-05,669.6,True
2014-06-06,662.13,True
2014-06-07,657.13,True
2014-06-08,661.1,True
2014-06-09,659.0,True
2014-06-10,657.41,True
2014-06-11,652.39,True
2014-06-12,630.36,True
2014-06-13,611.99,True
2014-06-14,593.53,True
2014-06-15,592.89,True
2014-06-16,610.0,True
2014-06-17,608.88,True
2014-06-18,616.0,True
2014-06-19,609.97,True
2014-06-20,597.87,True
2014-06-21,594.99,True
2014-06-22,605.05,True
2014-06-23,601.0,True
2014-06-24,588.25,True
2014-06-25,579.7,True
2014-06-26,580.11,True
2014-06-27,600.0,True
2014-06-28,604.21,True
2014-06-29,601.79,True
2014-06-30,647.0,True
2014-07-01,658.85,True
2014-07-02,658.32,True
2014-07-03,652.79,True
2014-07-04,650.48,True
2014-07-05,632.97,True
2014-07-06,638.99,True
2014-07-07,636.0,True
2014-07-08,626.22,True
2014-07-09,626.88,True
2014-07-10,623.91,True
2014-07-11,635.0,True
2014-07-12,640.02,True
2014-07-13,638.73,True
2014-07-14,632.0,True
2014-07-15,625.8,True
2014-07-16,624.99,True
2014-07-17,629.0,True
2014-07-18,632.96,True
2014-07-19,632.6,True
2014-07-20,630.0,True
2014-07-21,628.0,True
2014-07-22,624.99,True
2014-07-23,623.0,True
2014-07-24,621.99,True
2014-07-25,609.56,True
2014-07-26,603.0,True
2014-07-27,602.71,True
2014-07-28,595.0,True
2014-07-29,591.95,True
2014-07-30,585.99,True
2014-07-31,589.97,True
2014-08-01,607.2,True
2014-08-02,598.97,True
2014-08-03,591.0,True
2014-08-04,595.7,True
2014-08-05,589.0,True
2014-08-06,586.36,True
2014-08-07,591.51,True
2014-08-08,595.0,True
2014-08-09,590.99,True
2014-08-10,597.0,True
2014-08-11,590.99,True
2014-08-12,574.59,True
2014-08-13,572.0,True
2014-08-14,550.61,True
2014-08-15,521.59,True
2014-08-16,529.19,True
2014-08-17,524.8,True
2014-08-18,510.0,True
2014-08-19,493.95,True
2014-08-20,527.0,True
2014-08-21,534.1,True
2014-08-22,527.2,True
2014-08-23,514.69,True
2014-08-24,515.0,True
2014-08-25,508.46,True
2014-08-26,516.0,True
2014-08-27,523.09,True
2014-08-28,514.98,True
2014-08-29,514.42,True
2014-08-30,509.42,True
2014-08-31,504.75,True
2014-09-01,488.54,True
2014-09-02,484.61,True
2014-09-03,477.99,True
2014-09-04,497.0,True
2014-09-05,489.96,True
2014-09-06,485.0,True
2014-09-07,482.93,True
2014-09-08,478.39,True
2014-09-09,476.18,True
2014-09-10,491.17,True
2014-09-11,480.0,True
2014-09-12,478.0,True
2014-09-13,480.13,True
2014-09-14,481.43,True
2014-09-15,479.61,True
2014-09-16,473.68,True
2014-09-17,465.57,True
2014-09-18,452.99,True
2014-09-19,429.0,True
2014-09-20,430.57,True
2014-09-21,413.51,True
2014-09-22,409.38,True
2014-09-23,452.5,True
2014-09-24,441.77,True
2014-09-25,423.9,True
2014-09-26,414.35,True
2014-09-27,408.99,True
2014-09-28,403.99,True
2014-09-29,386.0,True
2014-09-30,397.35,True
2014-10-01,393.06,True
2014-10-02,385.75,True
2014-10-03,378.11,True
2014-10-04,365.07,True
2014-10-05,339.43,True
2014-10-06,346.87,True
2014-10-07,336.99,True
2014-10-08,359.0,True
2014-10-09,391.91,True
2014-10-10,378.78,True
2014-10-11,368.06,True
2014-10-12,382.99,True
2014-10-13,401.85,True
2014-10-14,416.0,True
2014-10-15,404.32,True
2014-10-16,399.0,True
2014-10-17,386.0,True
2014-10-18,397.27,True
2014-10-19,394.25,True
2014-10-20,390.45,True
2014-10-21,393.55,True
2014-10-22,388.87,True
2014-10-23,384.46,True
2014-10-24,363.68,True
2014-10-25,359.1,True
2014-10-26,362.84,True
2014-10-27,358.48,True
2014-10-28,357.7,True
2014-10-29,355.99,True
2014-10-30,351.88,True
2014-10-31,347.89,True
2014-11-01,339.47,True
2014-11-02,328.99,True
2014-11-03,333.99,True
2014-11-04,332.89,True
2014-11-05,344.12,True
2014-11-06,353.1,True
2014-11-07,352.15,True
2014-11-08,347.67,True
2014-11-09,366.2,True
2014-11-10,377.0,True
2014-11-11,371.52,True
2014-11-12,434.41,True
2014-11-13,453.92,True
2014-11-14,420.3,True
2014-11-15,407.22,True
2014-11-16,394.87,True
2014-11-17,414.98,True
2014-11-18,394.64,True
2014-11-19,386.01,True
2014-11-20,381.8,True
2014-11-21,358.14,True
2014-11-22,365.93,True
2014-11-23,373.5,True
2014-11-24,389.98,True
2014-11-25,395.1,True
2014-11-26,379.22,True
2014-11-27,375.26,True
2014-11-28,381.34,True
2014-11-29,386.6,True
2014-11-30,381.99,True
2014-12-01,382.31,True
2014-12-02,382.86,True
2014-12-03,383.0,True
2014-12-04,378.99,True
2014-12-05,377.89,True
2014-12-06,376.95,True
2014-12-07,377.5,True
2014-12-08,377.25,True
2014-12-09,364.59,True
2014-12-10,353.74,True
2014-12-11,364.28,True
2014-12-12,358.0,True
2014-12-13,354.24,True
2014-12-14,359.25,True
2014-12-15,357.18,True
2014-12-16,349.32,True
2014-12-17,335.95,True
2014-12-18,325.21,True
2014-12-19,319.99,True
2014-12-20,332.98,True
2014-12-21,331.92,True
2014-12-22,333.99,True
2014-12-23,338.99,True
2014-12-24,336.9,True
2014-12-25,323.72,True
2014-12-26,332.0,True
2014-12-27,329.29,True
2014-12-28,319.2,True
2014-12-29,320.14,True
2014-12-30,316.71,True
2014-12-31,321.0,True
2015-01-01,321.0,True
2015-01-02,317.01,True
2015-01-03,316.58,True
2015-01-04,288.96,True
2015-01-05,279.99,True
2015-01-09,298.91,True
2015-01-10,294.87,True
2015-01-11,280.9,True
2015-01-12,272.43,True
2015-01-13,268.0,True
2015-01-14,226.0,True
2015-01-15,233.71,True
2015-01-16,223.01,True
2015-01-17,212.8,True
2015-01-18,222.0,True
2015-01-19,219.0,True
2015-01-20,216.7,True
2015-01-21,228.9,True
2015-01-22,238.7,True
2015-01-23,237.0,True
2015-01-24,249.99,True
2015-01-25,257.0,True
2015-01-26,308.21,True
2015-01-27,278.5,True
2015-01-28,266.45,True
2015-01-29,242.16,True
2015-01-30,244.98,True
2015-01-31,234.8,True
2015-02-01,233.0,True
2015-02-02,241.98,True
2015-02-03,244.09,True
2015-02-04,230.96,True
2015-02-05,228.99,True
2015-02-06,225.53,True
2015-02-07,230.87,True
2015-02-08,232.45,True
2015-02-09,225.98,True
2015-02-10,222.0,True
2015-02-11,223.4,True
2015-02-12,223.09,True
2015-02-13,242.35,True
2015-02-14,259.0,True
2015-02-15,267.79,True
2015-02-16,241.1,True
2015-02-17,248.29,True
2015-02-18,246.21,True
2015-02-19,244.5,True
2015-02-20,248.81,True
2015-02-21,247.8,True
2015-02-22,247.42,True
2015-02-23,241.0,True
2015-02-24,240.94,True
2015-02-25,240.49,True
2015-02-26,238.55,True
2015-02-27,256.02,True
2015-02-28,254.42,True
2015-03-01,260.2,True
2015-03-02,276.54,True
2015-03-03,284.95,True
2015-03-04,283.82,True
2015-03-05,280.0,True
2015-03-06,276.46,True
2015-03-07,279.26,True
2015-03-08,277.57,True
2015-03-09,289.0,True
2015-03-10,296.8,True
2015-03-11,296.79,True
2015-03-12,297.95,True
2015-03-13,295.66,True
2015-03-14,287.69,True
2015-03-15,287.68,True
2015-03-16,294.26,True
2015-03-17,292.61,True
2015-03-18,284.0,True
2015-03-19,265.54,True
2015-03-20,265.27,True
2015-03-21,262.49,True
2015-03-22,271.42,True
2015-03-23,270.06,True
2015-03-24,266.52,True
2015-03-25,249.57,True
2015-03-26,253.74,True
2015-03-27,250.52,True
2015-03-28,253.81,True
2015-03-29,252.96,True
2015-03-30,248.86,True
2015-03-31,248.59,True
2015-04-01,246.83,True
2015-04-02,256.89,True
2015-04-03,256.44,True
2015-04-04,255.71,True
2015-04-05,261.0,True
2015-04-06,262.25,True
2015-04-07,256.62,True
2015-04-08,254.96,True
2015-04-09,246.3,True
2015-04-10,243.94,True
2015-04-11,239.0,True
2015-04-12,237.5,True
2015-04-13,236.85,True
2015-04-14,224.79,True
2015-04-15,222.88,True
2015-04-16,229.64,True
2015-04-17,228.09,True
2015-04-18,224.47,True
2015-04-19,227.34,True
2015-04-20,226.43,True
2015-04-21,236.0,True
2015-04-22,238.18,True
2015-04-23,236.2,True
2015-04-24,236.0,True
2015-04-25,232.13,True
2015-04-26,227.26,True
2015-04-27,229.9,True
2015-04-28,227.52,True
2015-04-29,226.97,True
2015-04-30,240.0,True
2015-05-01,239.23,True
2015-05-02,234.9,True
2015-05-03,242.25,True
2015-05-04,242.2,True
2015-05-05,238.37,True
2015-05-06,235.94,True
2015-05-07,239.81,True
2015-05-08,246.57,True
2015-05-09,247.01,True
2015-05-10,244.99,True
2015-05-11,244.51,True
2015-05-12,241.99,True
2015-05-13,244.14,True
2015-05-14,239.5,True
2015-05-15,239.28,True
2015-05-16,237.4,True
2015-05-17,237.0,True
2015-05-18,236.94,True
2015-05-19,234.16,True
2015-05-20,234.8,True
2015-05-21,236.5,True
2015-05-22,240.5,True
2015-05-23,240.67,True
2015-05-24,241.64,True
2015-05-25,240.1,True
2015-05-26,237.93,True
2015-05-27,237.35,True
2015-05-28,236.8,True
2015-05-29,236.52,True
2015-05-30,236.03,True
2015-05-31,232.51,True
2015-06-01,231.19,True
2015-06-02,225.92,True
2015-06-03,226.98,True
2015-06-04,225.98,True
2015-06-05,225.29,True
2015-06-06,225.2,True
2015-06-07,225.4,True
2015-06-08,229.4,True
2015-06-09,230.79,True
2015-06-10,229.71,True
2015-06-11,229.57,True
2015-06-12,230.7,True
2015-06-13,232.04,True
2015-06-14,234.0,True
2015-06-15,237.01,True
2015-06-16,252.0,True
2015-06-17,256.99,True
2015-06-18,251.58,True
2015-06-19,249.93,True
2015-06-20,245.55,True
2015-06-21,245.0,True
2015-06-22,247.99,True
2015-06-23,247.25,True
2015-06-24,243.99,True
2015-06-25,242.9,True
2015-06-26,243.43,True
2015-06-27,251.99,True
2015-06-28,251.28,True
2015-06-29,256.4,True
2015-06-30,267.64,True
2015-07-01,265.17,True
2015-07-02,260.77,True
2015-07-03,256.43,True
2015-07-04,261.28,True
2015-07-05,274.69,True
2015-07-06,278.44,True
2015-07-07,271.69,True
2015-07-08,273.19,True
2015-07-09,271.98,True
2015-07-10,294.63,True
2015-07-11,298.0,True
2015-07-12,316.99,True
2015-07-13,310.73,True
2015-07-14,296.85,True
2015-07-15,293.7,True
2015-07-16,292.32,True
2015-07-17,280.73,True
2015-07-18,283.0,True
2015-07-19,278.1,True
2015-07-20,279.35,True
2015-07-21,281.06,True
2015-07-22,277.97,True
2015-07-23,278.55,True
2015-07-24,290.5,True
2015-07-25,292.0,True
2015-07-26,294.0,True
2015-07-27,297.44,True
2015-07-28,297.0,True
2015-07-29,294.53,True
2015-07-30,290.08,True
2015-07-31,289.0,True
2015-08-01,285.12,True
2015-08-02,282.9,True
2015-08-03,285.78,True
2015-08-04,285.72,True
2015-08-05,285.86,True
2015-08-06,281.65,True
2015-08-07,280.43,True
2015-08-08,279.97,True
2015-08-09,268.45,True
2015-08-10,266.79,True
2015-08-11,271.5,True
2015-08-12,271.16,True
2015-08-13,267.87,True
2015-08-14,266.99,True
2015-08-15,266.5,True
2015-08-16,262.2,True
2015-08-17,259.12,True
2015-08-18,256.99,True
2015-08-19,237.24,True
2015-08-20,236.66,True
2015-08-21,236.66,True
2015-08-22,235.2,True
2015-08-23,234.0,True
2015-08-24,228.99,True
2015-08-25,228.0,True
2015-08-26,231.04,True
2015-08-27,228.89,True
2015-08-28,235.76,True
2015-08-29,233.84,True
2015-08-30,232.67,True
2015-08-31,232.49,True
2015-09-01,231.64,True
2015-09-02,230.77,True
2015-09-03,229.96,True
2015-09-04,231.4,True
2015-09-05,237.0,True
2015-09-06,244.0,True
2015-09-07,242.76,True
2015-09-08,246.24,True
2015-09-09,244.22,True
2015-09-10,241.47,True
2015-09-11,240.94,True
2015-09-12,240.0,True
2015-09-13,235.93,True
2015-09-14,232.65,True
2015-09-15,231.2,True
2015-09-16,230.5,True
2015-09-17,235.0,True
2015-09-18,234.38,True
2015-09-19,233.74,True
2015-09-20,231.68,True
2015-09-21,230.15,True
2015-09-22,231.8,True
2015-09-23,231.5,True
2015-09-24,235.52,True
2015-09-25,237.25,True
2015-09-26,235.67,True
2015-09-27,234.61,True
2015-09-28,239.68,True
2015-09-29,240.56,True
2015-09-30,238.13,True
2015-10-01,239.44,True
2015-10-02,239.06,True
2015-10-03,239.86,True
2015-10-04,239.89,True
2015-10-05,240.84,True
2015-10-06,248.19,True
2015-10-07,247.6,True
2015-10-08,244.76,True
2015-10-09,244.88,True
2015-10-10,246.01,True
2015-10-11,248.5,True
2015-10-12,248.47,True
2015-10-13,250.83,True
2015-10-14,255.69,True
2015-10-15,256.49,True
2015-10-16,266.99,True
2015-10-17,273.0,True
2015-10-18,271.17,True
2015-10-19,266.01,True
2015-10-20,272.8,True
2015-10-21,272.4,True
2015-10-22,279.6,True
2015-10-23,279.96,True
2015-10-24,283.8,True
2015-10-25,295.95,True
2015-10-26,286.96,True
2015-10-27,300.0,True
2015-10-28,308.19,True
2015-10-29,319.58,True
2015-10-30,333.68,True
2015-10-31,334.35,True
2015-11-01,328.99,True
2015-11-02,368.97,True
2015-11-03,420.0,True
2015-11-04,501.96,True
2015-11-05,448.69,True
2015-11-06,396.46,True
2015-11-07,392.64,True
2015-11-08,390.12,True
2015-11-09,386.33,True
2015-11-10,381.0,True
2015-11-11,340.68,True
2015-11-12,344.4,True
2015-11-13,341.94,True
2015-11-14,343.45,True
2015-11-15,334.99,True
2015-11-16,332.19,True
2015-11-17,349.53,True
2015-11-18,337.89,True
2015-11-19,336.46,True
2015-11-20,327.73,True
2015-11-21,328.64,True
2015-11-22,326.6,True
2015-11-23,326.0,True
2015-11-24,323.5,True
2015-11-25,330.84,True
2015-11-26,368.91,True
2015-11-27,364.79,True
2015-11-28,358.9,True
2015-11-29,372.78,True
2015-11-30,382.83,True
2015-12-01,378.97,True
2015-12-02,362.84,True
2015-12-03,370.53,True
2015-12-04,364.3,True
2015-12-05,389.3,True
2015-12-06,399.42,True
2015-12-07,399.75,True
2015-12-08,418.29,True
2015-12-09,424.72,True
2015-12-10,419.79,True
2015-12-11,454.0,True
2015-12-12,467.65,True
2015-12-13,442.63,True
2015-12-14,448.12,True
2015-12-15,464.53,True
2015-12-16,464.53,True
2015-12-17,458.84,True
2015-12-18,466.57,True
2015-12-19,465.9,True
2015-12-20,462.0,True
2015-12-21,449.48,True
2015-12-22,443.58,True
2015-12-23,445.23,True
2015-12-24,458.73,True
2015-12-25,458.33,True
2015-12-26,457.45,True
2015-12-27,425.41,True
2015-12-28,429.86,True
2015-12-29,433.33,True
2015-12-30,434.97,True
2015-12-31,433.88,True
2016-01-01,436.0,True
2016-01-02,435.99,True
2016-01-03,433.96,True
2016-01-04,435.86,True
2016-01-05,435.39,True
2016-01-06,432.59,True
2016-01-07,459.0,True
2016-01-08,465.0,True
2016-01-09,454.0,True
2016-01-10,449.89,True
2016-01-11,451.13,True
2016-01-12,448.0,True
2016-01-13,436.96,True
2016-01-14,434.0,True
2016-01-15,429.8,True
2016-01-16,391.77,True
2016-01-17,390.47,True
2016-01-18,388.0,True
2016-01-19,386.92,True
2016-01-20,422.98,True
2016-01-21,421.25,True
2016-01-22,409.94,True
2016-01-23,394.77,True
2016-01-24,405.9,True
2016-01-25,402.14,True
2016-01-26,397.7,True
2016-01-27,397.0,True
2016-01-28,395.56,True
2016-01-29,383.25,True
2016-01-30,380.37,True
2016-01-31,379.27,True
2016-02-01,378.2,True
2016-02-02,375.0,True
2016-02-03,374.0,True
2016-02-04,391.88,True
2016-02-05,389.5,True
2016-02-06,384.98,True
2016-02-07,380.0,True
2016-02-08,378.99,True
2016-02-09,377.0,True
2016-02-10,383.5,True
2016-02-11,380.5,True
2016-02-12,383.48,True
2016-02-13,390.99,True
2016-02-14,406.65,True
2016-02-15,409.65,True
2016-02-16,407.68,True
2016-02-17,421.11,True
2016-02-18,424.9,True
2016-02-19,422.0,True
2016-02-20,443.96,True
2016-02-21,447.83,True
2016-02-22,439.5,True
2016-02-23,440.0,True
2016-02-24,424.28,True
2016-02-25,426.5,True
2016-02-26,432.0,True
2016-02-27,435.0,True
2016-02-28,435.0,True
2016-02-29,440.99,True
2016-03-01,437.5,True
2016-03-02,434.5,True
2016-03-03,424.43,True
2016-03-04,423.9,True
2016-03-05,408.95,True
2016-03-06,412.31,True
2016-03-07,414.96,True
2016-03-08,414.99,True
2016-03-09,413.49,True
2016-03-10,416.9,True
2016-03-11,421.9,True
2016-03-12,420.93,True
2016-03-13,417.0,True
2016-03-14,415.22,True
2016-03-15,417.2,True
2016-03-16,416.82,True
2016-03-17,419.0,True
2016-03-18,418.49,True
2016-03-19,409.4,True
2016-03-20,411.98,True
2016-03-21,411.96,True
2016-03-22,416.99,True
2016-03-23,419.0,True
2016-03-24,417.98,True
2016-03-25,416.92,True
2016-03-26,416.99,True
2016-03-27,427.13,True
2016-03-28,424.77,True
2016-03-29,424.37,True
2016-03-30,415.81,True
2016-03-31,416.99,True
2016-04-01,416.99,True
2016-04-02,420.0,True
2016-04-03,419.44,True
2016-04-04,419.85,True
2016-04-05,422.74,True
2016-04-06,422.9,True
2016-04-07,421.99,True
2016-04-08,423.99,True
2016-04-09,418.71,True
2016-04-10,421.79,True
2016-04-11,422.8,True
2016-04-12,426.67,True
2016-04-13,426.0,True
2016-04-14,425.33,True
2016-04-15,429.76,True
2016-04-16,432.87,True
2016-04-17,430.91,True
2016-04-18,429.98,True
2016-04-19,436.79,True
2016-04-20,444.0,True
2016-04-21,452.07,True
2016-04-22,451.35,True
2016-04-23,452.19,True
2016-04-24,465.06,True
2016-04-25,469.45,True
2016-04-26,469.87,True
2016-04-27,468.85,True
2016-04-28,451.0,True
2016-04-29,456.53,True
2016-04-30,456.9,True
2016-05-01,453.53,True
2016-05-02,453.8,True
2016-05-03,452.0,True
2016-05-04,451.68,True
2016-05-05,450.0,True
2016-05-06,463.57,True
2016-05-07,461.0,True
2016-05-08,459.69,True
2016-05-09,464.22,True
2016-05-10,462.99,True
2016-05-11,456.01,True
2016-05-12,455.25,True
2016-05-13,456.82,True
2016-05-14,457.25,True
2016-05-15,458.08,True
2016-05-16,458.0,True
2016-05-17,455.37,True
2016-05-18,455.68,True
2016-05-19,453.85,True
2016-05-20,444.4,True
2016-05-21,443.98,True
2016-05-22,443.47,True
2016-05-23,442.99,True
2016-05-24,446.37,True
2016-05-25,449.6,True
2016-05-26,452.98,True
2016-05-27,478.13,True
2016-05-28,529.08,True
2016-05-29,539.51,True
2016-05-30,535.0,True
2016-05-31,548.49,True
2016-06-01,542.75,True
2016-06-02,540.0,True
2016-06-03,578.0,True
2016-06-04,588.71,True
2016-06-05,582.0,True
2016-06-06,586.0,True
2016-06-07,594.44,True
2016-06-08,584.25,True
2016-06-09,583.1,True
2016-06-10,580.0,True
2016-06-11,610.0,True
2016-06-12,683.0,True
2016-06-13,722.55,True
2016-06-14,704.5,True
2016-06-15,695.77,True
2016-06-16,773.07,True
2016-06-17,776.45,True
2016-06-18,777.52,True
2016-06-19,764.73,True
2016-06-20,763.99,True
2016-06-21,728.18,True
2016-06-22,677.63,True
2016-06-23,632.36,True
2016-06-24,683.5,True
2016-06-25,684.45,True
2016-06-26,662.9,True
2016-06-27,658.0,True
2016-06-28,661.99,True
2016-06-29,645.0,True
2016-06-30,671.0,True
2016-07-01,683.42,True
2016-07-02,704.12,True
2016-07-03,704.99,True
2016-07-04,682.11,True
2016-07-05,682.36,True
2016-07-06,678.99,True
2016-07-07,678.43,True
2016-07-08,665.98,True
2016-07-09,663.0,True
2016-07-10,650.88,True
2016-07-11,658.89,True
2016-07-12,678.0,True
2016-07-13,669.59,True
2016-07-14,664.66,True
2016-07-15,669.65,True
2016-07-16,666.67,True
2016-07-17,684.19,True
2016-07-18,682.21,True
2016-07-19,675.81,True
2016-07-20,675.0,True
2016-07-21,667.01,True
2016-07-22,666.3,True
2016-07-23,656.36,True
2016-07-24,664.5,True
2016-07-25,661.99,True
2016-07-26,656.94,True
2016-07-27,659.98,True
2016-07-28,657.7,True
2016-07-29,657.48,True
2016-07-30,657.5,True
2016-07-31,654.71,True
2016-08-01,630.0,True
2016-08-02,613.03,True
2016-08-03,569.74,True
2016-08-04,583.7,True
2016-08-05,578.2,True
2016-08-06,592.0,True
2016-08-07,598.82,True
2016-08-08,592.83,True
2016-08-09,591.85,True
2016-08-10,602.0,True
2016-08-11,597.78,True
2016-08-12,590.88,True
2016-08-13,589.98,True
2016-08-14,583.71,True
2016-08-15,573.59,True
2016-08-16,579.76,True
2016-08-17,577.86,True
2016-08-18,575.49,True
2016-08-19,574.86,True
2016-08-20,581.01,True
2016-08-21,583.99,True
2016-08-22,585.95,True
2016-08-23,584.99,True
2016-08-24,581.99,True
2016-08-25,578.75,True
2016-08-26,580.91,True
2016-08-27,579.09,True
2016-08-28,573.34,True
2016-08-29,575.0,True
2016-08-30,576.5,True
2016-08-31,576.49,True
2016-09-01,572.86,True
2016-09-02,574.18,True
2016-09-03,598.5,True
2016-09-04,608.81,True
2016-09-05,607.31,True
2016-09-06,609.74,True
2016-09-07,615.48,True
2016-09-08,628.98,True
2016-09-09,626.25,True
2016-09-10,624.9,True
2016-09-11,628.99,True
2016-09-12,608.23,True
2016-09-13,609.61,True
2016-09-14,610.69,True
2016-09-15,608.99,True
2016-09-16,608.99,True
2016-09-17,607.58,True
2016-09-18,609.06,True
2016-09-19,609.5,True
2016-09-20,608.84,True
2016-09-21,597.55,True
2016-09-22,596.42,True
2016-09-23,602.9,True
2016-09-24,603.57,True
2016-09-25,601.99,True
2016-09-26,607.27,True
2016-09-27,608.0,True
2016-09-28,605.3,True
2016-09-29,605.99,True
2016-09-30,608.38,True
2016-10-01,614.28,True
2016-10-02,613.0,True
2016-10-03,612.98,True
2016-10-04,612.84,True
2016-10-05,612.0,True
2016-10-06,610.5,True
2016-10-07,616.34,True
2016-10-08,616.99,True
2016-10-09,614.98,True
2016-10-10,616.47,True
2016-10-11,639.0,True
2016-10-12,640.0,True
2016-10-13,636.0,True
2016-10-14,639.99,True
2016-10-15,641.99,True
2016-10-16,641.4,True
2016-10-17,639.99,True
2016-10-18,637.8,True
2016-10-19,638.04,True
2016-10-20,630.21,True
2016-10-21,632.36,True
2016-10-22,656.0,True
2016-10-23,656.0,True
2016-10-24,652.25,True
2016-10-25,657.58,True
2016-10-26,676.5,True
2016-10-27,685.89,True
2016-10-28,687.23,True
2016-10-29,717.25,True
2016-10-30,711.78,True
2016-10-31,706.97,True
2016-11-01,736.99,True
2016-11-02,742.0,True
2016-11-03,745.19,True
2016-11-04,706.84,True
2016-11-05,707.34,True
2016-11-06,714.36,True
2016-11-07,709.92,True
2016-11-08,712.9,True
2016-11-09,740.64,True
2016-11-10,722.0,True
2016-11-11,720.37,True
2016-11-12,716.39,True
2016-11-13,702.86,True
2016-11-14,705.88,True
2016-11-15,716.5,True
2016-11-16,742.87,True
2016-11-17,749.0,True
2016-11-18,752.53,True
2016-11-19,755.06,True
2016-11-20,753.82,True
2016-11-21,739.2,True
2016-11-22,750.0,True
2016-11-23,749.98,True
2016-11-24,741.13,True
2016-11-25,737.07,True
2016-11-26,737.56,True
2016-11-27,732.0,True
2016-11-28,732.44,True
2016-11-29,733.29,True
2016-11-30,744.49,True
2016-12-01,754.98,True
2016-12-02,778.0,True
2016-12-03,770.99,True
2016-12-04,762.97,True
2016-12-05,762.0,True
2016-12-06,759.87,True
2016-12-07,769.57,True
2016-12-08,772.01,True
2016-12-09,773.99,True
2016-12-10,774.12,True
2016-12-11,772.28,True
2016-12-12,779.0,True
2016-12-13,789.01,True
2016-12-14,781.0,True
2016-12-15,779.08,True
2016-12-16,782.46,True
2016-12-17,790.88,True
2016-12-18,790.99,True
2016-12-19,794.38,True
2016-12-20,802.47,True
2016-12-21,834.97,True
2016-12-22,875.0,True
2016-12-23,918.64,True
2016-12-24,918.5,True
2016-12-25,894.97,True
2016-12-26,905.18,True
2016-12-27,936.41,True
2016-12-28,976.47,True
2016-12-29,980.74,True
2016-12-30,969.54,True
2016-12-31,966.36,True
2017-01-01,1005.0,True
2017-01-02,1032.0,True
2017-01-03,1039.0,True
2017-01-04,1139.7,True
2017-01-05,1136.72,True
2017-01-06,1026.99,True
2017-01-07,907.05,True
2017-01-08,940.0,True
2017-01-09,912.87,True
2017-01-10,912.0,True
2017-01-11,918.4,True
2017-01-12,832.99,True
2017-01-13,831.39,True
2017-01-14,837.76,True
2017-01-15,823.45,True
2017-01-16,835.0,True
2017-01-17,907.99,True
2017-01-18,915.9,True
2017-01-19,910.0,True
2017-01-20,902.4,True
2017-01-21,928.0,True
2017-01-22,936.72,True
2017-01-23,927.27,True
2017-01-24,922.71,True
2017-01-25,903.91,True
2017-01-26,919.48,True
2017-01-27,924.88,True
2017-01-28,920.99,True
2017-01-29,919.99,True
2017-01-30,922.24,True
2017-01-31,970.0,True
2017-02-01,985.87,True
2017-02-02,1011.65,True
2017-02-03,1022.64,True
2017-02-04,1042.25,True
2017-02-05,1033.76,True
2017-02-06,1031.88,True
2017-02-07,1054.99,True
2017-02-08,1070.0,True
2017-02-09,1074.69,True
2017-02-10,1010.67,True
2017-02-11,1019.0,True
2017-02-12,1011.06,True
2017-02-13,1007.89,True
2017-02-14,1019.0,True
2017-02-15,1013.8,True
2017-02-16,1040.63,True
2017-02-17,1063.3,True
2017-02-18,1068.97,True
2017-02-19,1061.9,True
2017-02-20,1089.98,True
2017-02-21,1126.86,True
2017-02-22,1143.0,True
2017-02-23,1193.43,True
2017-02-24,1218.3,True
2017-02-25,1184.73,True
2017-02-26,1184.37,True
2017-02-27,1196.9,True
2017-02-28,1209.9,True
2017-03-01,1231.0,True
2017-03-02,1280.37,True
2017-03-03,1294.43,True
2017-03-04,1289.42,True
2017-03-05,1274.52,True
2017-03-06,1284.99,True
2017-03-07,1281.62,True
2017-03-08,1245.49,True
2017-03-09,1207.0,True
2017-03-10,1329.0,True
2017-03-11,1198.0,True
2017-03-12,1241.85,True
2017-03-13,1249.02,True
2017-03-14,1259.0,True
2017-03-15,1260.0,True
2017-03-16,1258.84,True
2017-03-17,1172.42,True
2017-03-18,1099.0,True
2017-03-19,1061.0,True
2017-03-20,1052.99,True
2017-03-21,1117.64,True
2017-03-22,1112.83,True
2017-03-23,1054.4,True
2017-03-24,1031.97,True
2017-03-25,963.36,True
2017-03-26,997.0,True
2017-03-27,1043.0,True
2017-03-28,1068.26,True
2017-03-29,1058.02,True
2017-03-30,1050.17,True
2017-03-31,1080.36,True
2017-04-01,1097.0,True
2017-04-02,1099.95,True
2017-04-03,1152.0,True
2017-04-04,1162.93,True
2017-04-05,1145.0,True
2017-04-06,1201.0,True
2017-04-07,1200.63,True
2017-04-08,1197.3,True
2017-04-09,1216.5,True
2017-04-10,1219.65,True
2017-04-11,1227.67,True
2017-04-12,1224.57,True
2017-04-13,1219.45,True
2017-04-14,1192.94,True
2017-04-15,1192.5,True
2017-04-16,1178.92,True
2017-04-17,1192.0,True
2017-04-18,1210.0,True
2017-04-19,1209.99,True
2017-04-20,1243.01,True
2017-04-21,1252.13,True
2017-04-22,1247.15,True
2017-04-23,1244.19,True
2017-04-24,1254.0,True
2017-04-25,1280.0,True
2017-04-26,1314.98,True
2017-04-27,1341.49,True
2017-04-28,1345.08,True
2017-04-29,1342.49,True
2017-04-30,1356.0,True
2017-05-01,1425.0,True
2017-05-02,1480.0,True
2017-05-03,1515.86,True
2017-05-04,1620.0,True
2017-05-05,1608.95,True
2017-05-06,1573.69,True
2017-05-07,1564.49,True
2017-05-08,1652.26,True
2017-05-09,1759.8,True
2017-05-10,1794.2,True
2017-05-11,1892.0,True
2017-05-12,1832.0,True
2017-05-13,1784.25,True
2017-05-14,1815.0,True
2017-05-15,1783.99,True
2017-05-16,1750.0,True
2017-05-17,1838.42,True
2017-05-18,1881.8,True
2017-05-19,1969.76,True
2017-05-20,2021.0,True
2017-05-21,2063.11,True
2017-05-22,2229.99,True
2017-05-23,2265.92,True
2017-05-24,2480.74,True
2017-05-25,2754.82,True
2017-05-26,2598.99,True
2017-05-27,2339.13,True
2017-05-28,2313.94,True
2017-05-29,2349.96,True
2017-05-30,2339.05,True
2017-05-31,2334.0,True
2017-06-01,2454.9,True
2017-06-02,2489.0,True
2017-06-03,2583.75,True
2017-06-04,2568.21,True
2017-06-05,2698.72,True
2017-06-06,2932.0,True
2017-06-07,2892.01,True
2017-06-08,2815.0,True
2017-06-09,2868.0,True
2017-06-10,2911.25,True
2017-06-11,2967.46,True
2017-06-12,2980.0,True
2017-06-13,2783.62,True
2017-06-14,2794.0,True
2017-06-15,2512.03,True
2017-06-16,2528.0,True
2017-06-17,2674.35,True
2017-06-18,2664.1,True
2017-06-19,2598.0,True
2017-06-20,2778.81,True
2017-06-21,2789.0,True
2017-06-22,2738.24,True
2017-06-23,2744.2,True
2017-06-24,2724.96,True
2017-06-25,2635.5,True
2017-06-26,2550.0,True
2017-06-27,2565.0,True
2017-06-28,2593.0,True
2017-06-29,2594.78,True
2017-06-30,2564.57,True
2017-07-01,2515.85,True
2017-07-02,2527.62,True
2017-07-03,2592.99,True
2017-07-04,2637.95,True
2017-07-05,2622.99,True
2017-07-06,2613.98,True
2017-07-07,2604.99,True
2017-07-08,2555.0,True
2017-07-09,2563.99,True
2017-07-10,2527.88,True
2017-07-11,2397.54,True
2017-07-12,2408.84,True
2017-07-13,2425.02,True
2017-07-14,2357.84,True
2017-07-15,2219.0,True
2017-07-16,2044.44,True
2017-07-17,2226.0,True
2017-07-18,2391.45,True
2017-07-19,2399.0,True
2017-07-20,2935.0,True
2017-07-21,2875.06,True
2017-07-22,2881.98,True
2017-07-23,2855.0,True
2017-07-24,2799.99,True
2017-07-25,2775.05,True
2017-07-26,2608.96,True
2017-07-27,2686.0,True
2017-07-28,2824.32,True
2017-07-29,2785.65,True
2017-07-30,2765.35,True
2017-07-31,2887.99,True
2017-08-01,2929.17,True
2017-08-02,2760.0,True
2017-08-03,2805.0,True
2017-08-04,2875.8,True
2017-08-05,3339.66,True
2017-08-06,3296.51,True
2017-08-07,3429.7,True
2017-08-08,3489.9,True
2017-08-09,3423.09,True
2017-08-10,3448.0,True
2017-08-11,3700.0,True
2017-08-12,3928.26,True
2017-08-13,4179.95,True
2017-08-14,4328.5,True
2017-08-15,4400.0,True
2017-08-16,4379.78,True
2017-08-17,4480.0,True
2017-08-18,4367.4,True
2017-08-19,4188.0,True
2017-08-20,4125.0,True
2017-08-21,4078.71,True
2017-08-22,4137.93,True
2017-08-23,4248.75,True
2017-08-24,4349.99,True
2017-08-25,4449.98,True
2017-08-26,4369.78,True
2017-08-27,4393.28,True
2017-08-28,4395.99,True
2017-08-29,4644.21,True
2017-08-30,4642.2,True
2017-08-31,4765.21,True
2017-09-01,4921.92,True
2017-09-02,4979.89,True
2017-09-03,4700.0,True
2017-09-04,4610.66,True
2017-09-05,4473.01,True
2017-09-06,4648.86,True
2017-09-07,4673.96,True
2017-09-08,4679.0,True
2017-09-09,4379.78,True
2017-09-10,4317.21,True
2017-09-11,4349.82,True
2017-09-12,4376.71,True
2017-09-13,4178.99,True
2017-09-14,3921.7,True
2017-09-15,3820.0,True
2017-09-16,3872.9,True
2017-09-17,3770.28,True
2017-09-18,4118.73,True
2017-09-19,4116.92,True
2017-09-20,4048.0,True
2017-09-21,3909.61,True
2017-09-22,3761.0,True
2017-09-23,3810.24,True
2017-09-24,3783.23,True
2017-09-25,3962.87,True
2017-09-26,3968.59,True
2017-09-27,4223.0,True
2017-09-28,4269.8,True
2017-09-29,4225.0,True
2017-09-30,4349.0,True
2017-10-01,4377.22,True
2017-10-02,4452.97,True
2017-10-03,4424.2,True
2017-10-04,4343.0,True
2017-10-05,4358.97,True
2017-10-06,4421.17,True
2017-10-07,4463.0,True
2017-10-08,4611.99,True
2017-10-09,4861.22,True
2017-10-10,4909.61,True
2017-10-11,4869.78,True
2017-10-12,5445.0,True
2017-10-13,5844.4,True
2017-10-14,5807.59,True
2017-10-15,5829.0,True
2017-10-16,5802.59,True
2017-10-17,5776.31,True
2017-10-18,5616.0,True
2017-10-19,5735.13,True
2017-10-20,6070.7,True
2017-10-21,6180.0,True
2017-10-22,6067.41,True
2017-10-23,6042.7,True
2017-10-24,5869.99,True
2017-10-25,5748.0,True
2017-10-26,5988.0,True
2017-10-27,5994.0,True
2017-10-28,5875.66,True
2017-10-29,6309.78,True
2017-10-30,6228.0,True
2017-10-31,6449.78,True
2017-11-01,6749.78,True
2017-11-02,7351.99,True
2017-11-03,7474.94,True
2017-11-04,7542.16,True
2017-11-05,7590.0,True
2017-11-06,7421.38,True
2017-11-07,7234.49,True
2017-11-08,7888.0,True
2017-11-09,7482.64,True
2017-11-10,7342.8,True
2017-11-11,6820.0,True
2017-11-12,6475.0,True
2017-11-13,6775.0,True
2017-11-14,6743.93,True
2017-11-15,7346.38,True
2017-11-16,7975.99,True
2017-11-17,7996.99,True
2017-11-18,7856.14,True
2017-11-19,8087.0,True
2017-11-20,8269.99,True
2017-11-21,8354.0,True
2017-11-22,8310.0,True
2017-11-23,8278.67,True
2017-11-24,8338.0,True
2017-11-25,8734.99,True
2017-11-26,9360.01,True
2017-11-27,9721.56,True
2017-11-28,9965.0,True
2017-11-29,11390.0,True
2017-11-30,10618.29,True
2017-12-01,10948.66,True
2017-12-02,11200.0,True
2017-12-03,11800.0,True
2017-12-04,11613.07,True
2017-12-05,11850.0,True
2017-12-06,13695.71,True
2017-12-07,16615.61,True
2017-12-08,16666.66,True
2017-12-09,15998.49,True
2017-12-10,15385.0,True
2017-12-11,17265.47,True
2017-12-12,17410.99,True
2017-12-13,17100.0,True
2017-12-14,16830.45,True
2017-12-15,17934.0,True
2017-12-16,19377.0,True
2017-12-17,19665.75,True
2017-12-18,19215.86,True
2017-12-19,19113.32,True
2017-12-20,17920.34,True
2017-12-21,17281.17,True
2017-12-22,15783.0,True
2017-12-23,15755.0,True
2017-12-24,14600.0,True
2017-12-25,14600.0,True
2017-12-26,16120.0,True
2017-12-27,16480.52,True
2017-12-28,15455.0,True
2017-12-29,15100.0,True
2017-12-30,14390.79,True
2017-12-31,14230.54,True
2018-01-01,13941.49,True
2018-01-02,15253.0,True
2018-01-03,15437.65,True
2018-01-04,15394.96,True
2018-01-05,17090.03,True
2018-01-06,17234.98,True
2018-01-07,17148.09,True
2018-01-08,16294.0,True
2018-01-09,15366.58,True
2018-01-10,14890.02,True
2018-01-11,14955.0,True
2018-01-12,14133.89,True
2018-01-13,14546.87,True
2018-01-14,14365.81,True
2018-01-15,14369.98,True
2018-01-16,13607.03,True
2018-01-17,11752.09,True
2018-01-18,12129.01,True
2018-01-19,12050.0,True
2018-01-20,13032.83,True
2018-01-21,12766.19,True
2018-01-22,11900.0,True
2018-01-23,11371.29,True
2018-01-24,11499.99,True
2018-01-25,11736.4,True
2018-01-26,11627.27,True
2018-01-27,11630.0,True
2018-01-28,11982.0,True
2018-01-29,11805.0,True
2018-01-30,11222.34,True
2018-01-31,10324.0,True
2018-02-01,10175.0,True
2018-02-02,9090.0,True
2018-02-03,9477.56,True
2018-02-04,9348.91,True
2018-02-05,8335.56,True
2018-02-06,8150.0,True
2018-02-07,8620.0,True
2018-02-08,8640.22,True
2018-02-09,8760.0,True
2018-02-10,9084.0,True
2018-02-11,8557.66,True
2018-02-12,8988.47,True
2018-02-13,8939.07,True
2018-02-14,9514.96,True
2018-02-15,10230.98,True
2018-02-16,10298.0,True
2018-02-17,11129.99,True
2018-02-18,11294.99,True
2018-02-19,11258.0,True
2018-02-20,11779.99,True
2018-02-21,11273.89,True
2018-02-22,10935.0,True
2018-02-23,10401.31,True
2018-02-24,10528.44,True
2018-02-25,9879.98,True
2018-02-26,10458.9,True
2018-02-27,10850.0,True
2018-02-28,11051.12,True
2018-03-01,11082.96,True
2018-03-02,11169.99,True
2018-03-03,11500.0,True
2018-03-04,11509.93,True
2018-03-05,11687.46,True
2018-03-06,11394.84,True
2018-03-07,10907.02,True
2018-03-08,10127.83,True
2018-03-09,9419.0,True
2018-03-10,9499.79,True
2018-03-11,9755.0,True
2018-03-12,9888.0,True
2018-03-13,9479.99,True
2018-03-14,9355.01,True
2018-03-15,8425.0,True
2018-03-16,8608.24,True
2018-03-17,8350.0,True
2018-03-18,8314.76,True
2018-03-19,8711.0,True
2018-03-20,9039.56,True
2018-03-21,9179.0,True
2018-03-22,9088.09,True
2018-03-23,8920.79,True
2018-03-24,9006.07,True
2018-03-25,8675.31,True
2018-03-26,8492.0,True
2018-03-27,8204.02,True
2018-03-28,8102.15,True
2018-03-29,7961.24,True
2018-03-30,7278.35,True
2018-03-31,7218.0,True
2018-04-01,7039.99,True
2018-04-02,7106.49,True
2018-04-03,7505.68,True
2018-04-04,7425.92,True
2018-04-05,6919.07,True
2018-04-06,6846.35,True
2018-04-07,7053.4,True
2018-04-08,7103.04,True
2018-04-09,7169.99,True
2018-04-10,6880.0,True
2018-04-11,6962.25,True
2018-04-12,8060.0,True
2018-04-13,8220.0,True
2018-04-14,8201.99,True
2018-04-15,8399.88,True
2018-04-16,8413.98,True
2018-04-17,8154.99,True
2018-04-18,8223.99,True
2018-04-19,8295.01,True
2018-04-20,8927.5,True
2018-04-21,9014.96,True
2018-04-22,9019.99,True
2018-04-23,8985.26,True
2018-04-24,9725.99,True
2018-04-25,9751.18,True
2018-04-26,9304.49,True
2018-04-27,9381.99,True
2018-04-28,9434.25,True
2018-04-29,9538.29,True
2018-04-30,9440.1,True
2018-05-01,9240.88,True
2018-05-02,9258.3,True
2018-05-03,9789.99,True
2018-05-04,9777.89,True
2018-05-05,9948.97,True
2018-05-06,9917.81,True
2018-05-07,9634.5,True
2018-05-08,9450.0,True
2018-05-09,9360.99,True
2018-05-10,9392.93,True
2018-05-11,9012.08,True
2018-05-12,8646.94,True
2018-05-13,8775.0,True
2018-05-14,8879.29,True
2018-05-15,8832.26,True
2018-05-16,8505.33,True
2018-05-17,8448.03,True
2018-05-18,8275.0,True
2018-05-19,8389.99,True
2018-05-20,8575.45,True
2018-05-21,8566.46,True
2018-05-22,8412.86,True
2018-05-23,8020.0,True
2018-05-24,7733.99,True
2018-05-25,7650.82,True
2018-05-26,7618.99,True
2018-05-27,7396.69,True
2018-05-28,7431.05,True
2018-05-29,7524.18,True
2018-05-30,7550.0,True
2018-05-31,7599.99,True
2018-06-01,7603.76,True
2018-06-02,7687.62,True
2018-06-03,7780.0,True
2018-06-04,7752.43,True
2018-06-05,7657.12,True
2018-06-06,7695.46,True
2018-06-07,7745.09,True
2018-06-08,7696.99,True
2018-06-09,7686.45,True
2018-06-10,7479.51,True
2018-06-11,6902.05,True
2018-06-12,6877.61,True
2018-06-13,6614.67,True
2018-06-14,6696.93,True
2018-06-15,6652.21,True
2018-06-16,6555.01,True
2018-06-17,6570.01,True
2018-06-18,6784.86,True
2018-06-19,6823.43,True
2018-06-20,6807.5,True
2018-06-21,6791.69,True
2018-06-22,6736.39,True
2018-06-23,6255.25,True
2018-06-24,6244.33,True
2018-06-25,6332.28,True
2018-06-26,6271.89,True
2018-06-27,6180.0,True
2018-06-28,6158.4,True
2018-06-29,6288.55,True
2018-06-30,6493.29,True
2018-07-01,6432.04,True
2018-07-02,6664.71,True
2018-07-03,6664.64,True
2018-07-04,6786.68,True
2018-07-05,6686.0,True
2018-07-06,6621.92,True
2018-07-07,6800.0,True
2018-07-08,6782.29,True
2018-07-09,6795.34,True
2018-07-10,6677.05,True
2018-07-11,6397.21,True
2018-07-12,6374.16,True
2018-07-13,6329.11,True
2018-07-14,6299.0,True
2018-07-15,6390.0,True
2018-07-16,6749.61,True
2018-07-17,7444.18,True
2018-07-18,7580.0,True
2018-07-19,7552.62,True
2018-07-20,7666.27,True
2018-07-21,7447.71,True
2018-07-22,7565.36,True
2018-07-23,7785.04,True
2018-07-24,8459.7,True
2018-07-25,8475.0,True
2018-07-26,8312.22,True
2018-07-27,8274.79,True
2018-07-28,8237.74,True
2018-07-29,8296.39,True
2018-07-30,8272.09,True
2018-07-31,8159.99,True
2018-08-01,7751.27,True
2018-08-02,7703.69,True
2018-08-03,7533.34,True
2018-08-04,7489.02,True
2018-08-05,7078.69,True
2018-08-06,7143.3,True
2018-08-07,7142.56,True
2018-08-08,6711.0,True
2018-08-09,6626.99,True
2018-08-10,6584.05,True
2018-08-11,6464.46,True
2018-08-12,6487.0,True
2018-08-13,6528.92,True
2018-08-14,6252.39,True
2018-08-15,6618.2,True
2018-08-16,6471.48,True
2018-08-17,6583.83,True
2018-08-18,6610.03,True
2018-08-19,6540.98,True
2018-08-20,6522.1,True
2018-08-21,6503.28,True
2018-08-22,6860.0,True
2018-08-23,6551.99,True
2018-08-24,6712.94,True
2018-08-25,6788.56,True
2018-08-26,6774.99,True
2018-08-27,6925.02,True
2018-08-28,7124.63,True
2018-08-29,7119.99,True
2018-08-30,7054.99,True
2018-08-31,7083.52,True
2018-09-01,7300.0,True
2018-09-02,7325.98,True
2018-09-03,7324.97,True
2018-09-04,7401.34,True
2018-09-05,7387.0,True
2018-09-06,6701.62,True
2018-09-07,6524.99,True
2018-09-08,6465.46,True
2018-09-09,6424.31,True
2018-09-10,6340.34,True
2018-09-11,6387.36,True
2018-09-12,6339.16,True
2018-09-13,6537.46,True
2018-09-14,6581.87,True
2018-09-15,6566.73,True
2018-09-16,6524.84,True
2018-09-17,6530.0,True
2018-09-18,6385.99,True
2018-09-19,6493.96,True
2018-09-20,6526.9,True
2018-09-21,6772.21,True
2018-09-22,6815.01,True
2018-09-23,6769.54,True
2018-09-24,6721.68,True
2018-09-25,6579.58,True
2018-09-26,6539.61,True
2018-09-27,6736.85,True
2018-09-28,6790.31,True
2018-09-29,6609.01,True
2018-09-30,6628.0,True
2018-10-01,6638.15,True
2018-10-02,6589.99,True
2018-10-03,6510.0,True
2018-10-04,6592.95,True
2018-10-05,6638.94,True
2018-10-06,6594.18,True
2018-10-07,6590.15,True
2018-10-08,6652.49,True
2018-10-09,6623.14,True
2018-10-10,6589.79,True
2018-10-11,6518.37,True
2018-10-12,6238.25,True
2018-10-13,6213.41,True
2018-10-14,6276.1,True
2018-10-15,6743.13,True
2018-10-16,6489.8,True
2018-10-17,6465.39,True
2018-10-18,6479.34,True
2018-10-19,6412.4,True
2018-10-20,6419.33,True
2018-10-21,6465.8,True
2018-10-22,6428.05,True
2018-10-23,6420.07,True
2018-10-24,6470.0,True
2018-10-25,6422.71,True
2018-10-26,6447.69,True
2018-10-27,6420.01,True
2018-10-28,6420.0,True
2018-10-29,6416.63,True
2018-10-30,6289.0,True
2018-10-31,6340.56,True
2018-11-01,6364.1,True
2018-11-02,6379.59,True
2018-11-03,6351.74,True
2018-11-04,6458.85,True
2018-11-05,6440.31,True
2018-11-06,6460.0,True
2018-11-07,6540.23,True
2018-11-08,6511.26,True
2018-11-09,6415.4,True
2018-11-10,6376.19,True
2018-11-11,6365.0,True
2018-11-12,6385.0,True
2018-11-13,6326.26,True
2018-11-14,6297.24,True
2018-11-15,5634.0,True
2018-11-16,5600.6,True
2018-11-17,5531.74,True
2018-11-18,5640.0,True
2018-11-19,5559.15,True
2018-11-20,4890.08,True
2018-11-21,4627.79,True
2018-11-22,4588.44,True
2018-11-23,4359.54,True
2018-11-24,4365.7,True
2018-11-25,4109.83,True
2018-11-26,4060.01,True
2018-11-27,3828.56,True
2018-11-28,4348.19,True
2018-11-29,4397.02,True
2018-11-30,4295.1,True
2018-12-01,4257.5,True
2018-12-02,4256.76,True
2018-12-03,4113.46,True
2018-12-04,4026.82,True
2018-12-05,3913.62,True
2018-12-06,3838.06,True
2018-12-07,3525.0,True
2018-12-08,3485.67,True
2018-12-09,3630.0,True
2018-12-10,3583.23,True
2018-12-11,3426.51,True
2018-12-12,3479.83,True
2018-12-13,3438.32,True
2018-12-14,3294.34,True
2018-12-15,3229.82,True
2018-12-16,3257.28,True
2018-12-17,3570.77,True
2018-12-18,3678.93,True
2018-12-19,3919.26,True
2018-12-20,4168.5,True
2018-12-21,4144.47,True
2018-12-22,4003.99,True
2018-12-23,4051.0,True
2018-12-24,4235.0,True
2018-12-25,4040.37,True
2018-12-26,3858.24,True
2018-12-27,3835.02,True
2018-12-28,3966.58,True
2018-12-29,3928.5,True
2018-12-30,3853.2,True
2018-12-31,3832.98,True
2019-01-01,3830.78,True
2019-01-02,3916.52,True
2019-01-03,3892.82,True
2019-01-04,3850.0,True
2019-01-05,3863.48,True
2019-01-06,4079.2,True
2019-01-07,4064.53,True
2019-01-08,4100.0,True
2019-01-09,4036.91,True
2019-01-10,4035.23,True
2019-01-11,3695.26,True
2019-01-12,3648.64,True
2019-01-13,3636.33,True
2019-01-14,3701.88,True
2019-01-15,3684.1,True
2019-01-16,3665.98,True
2019-01-17,3646.43,True
2019-01-18,3641.9,True
2019-01-19,3764.38,True
2019-01-20,3703.27,True
2019-01-21,3560.08,True
2019-01-22,3604.55,True
2019-01-23,3605.93,True
2019-01-24,3596.45,True
2019-01-25,3578.79,True
2019-01-26,3649.51,True
2019-01-27,3564.12,True
2019-01-28,3536.77,True
2019-01-29,3438.57,True
2019-01-30,3458.58,True
2019-01-31,3468.5,True
2019-02-01,3454.09,True
2019-02-02,3481.53,True
2019-02-03,3469.22,True
2019-02-04,3438.87,True
2019-02-05,3434.04,True
2019-02-06,3440.54,True
2019-02-07,3379.74,True
2019-02-08,3709.99,True
2019-02-09,3637.43,True
2019-02-10,3655.55,True
2019-02-11,3648.88,True
2019-02-12,3613.25,True
2019-02-13,3625.18,True
2019-02-14,3588.41,True
2019-02-15,3608.83,True
2019-02-16,3607.96,True
2019-02-17,3658.0,True
2019-02-18,3905.86,True
2019-02-19,3973.95,True
2019-02-20,3957.86,True
2019-02-21,3977.0,True
2019-02-22,3955.0,True
2019-02-23,4150.0,True
2019-02-24,4186.6,True
2019-02-25,3859.27,True
2019-02-26,3829.25,True
2019-02-27,3822.85,True
2019-02-28,3870.9,True
2019-03-01,3843.87,True
2019-03-02,3818.75,True
2019-03-03,3819.46,True
2019-03-04,3805.4,True
2019-03-05,3870.49,True
2019-03-06,3875.4,True
2019-03-07,3890.99,True
2019-03-08,3906.67,True
2019-03-09,3946.08,True
2019-03-10,3916.14,True
2019-03-11,3912.84,True
2019-03-12,3877.47,True
2019-03-13,3874.68,True
2019-03-14,3893.3,True
2019-03-15,3907.53,True
2019-03-16,4035.42,True
2019-03-17,3992.42,True
2019-03-18,4014.16,True
2019-03-19,4011.0,True
2019-03-20,4038.14,True
2019-03-21,4055.35,True
2019-03-22,3999.55,True
2019-03-23,4001.04,True
2019-03-24,3980.97,True
2019-03-25,3978.19,True
2019-03-26,3923.12,True
2019-03-27,4034.44,True
2019-03-28,4020.64,True
2019-03-29,4101.16,True
2019-03-30,4129.17,True
2019-03-31,4100.19,True
2019-04-01,4148.22,True
2019-04-02,5070.0,True
2019-04-03,5335.0,True
2019-04-04,5069.8,True
2019-04-05,5058.18,True
2019-04-06,5232.73,True
2019-04-07,5244.44,True
2019-04-08,5335.04,True
2019-04-09,5286.21,True
2019-04-10,5455.0,True
2019-04-11,5342.9,True
2019-04-12,5106.99,True
2019-04-13,5119.46,True
2019-04-14,5181.95,True
2019-04-15,5185.18,True
2019-04-16,5225.0,True
2019-04-17,5265.47,True
2019-04-18,5314.0,True
2019-04-19,5352.17,True
2019-04-20,5361.38,True
2019-04-21,5344.18,True
2019-04-22,5429.27,True
2019-04-23,5618.27,True
2019-04-24,5620.01,True
2019-04-25,5510.0,True
2019-04-26,5273.1,True
2019-04-27,5214.35,True
2019-04-28,5213.0,True
2019-04-29,5188.0,True
2019-04-30,5287.12,True
2019-05-01,5350.72,True
2019-05-02,5417.05,True
2019-05-03,5796.56,True
2019-05-04,5826.98,True
2019-05-05,5780.0,True
2019-05-06,5754.25,True
2019-05-07,5960.63,True
2019-05-08,5965.74,True
2019-05-09,6170.41,True
2019-05-10,6424.0,True
2019-05-11,7443.87,True
2019-05-12,7579.62,True
2019-05-13,8155.06,True
2019-05-14,8327.0,True
2019-05-15,8282.82,True
2019-05-16,8374.81,True
2019-05-17,7942.09,True
2019-05-18,7488.06,True
2019-05-19,8289.27,True
2019-05-20,8190.28,True
2019-05-21,8116.63,True
2019-05-22,8040.0,True
2019-05-23,7979.49,True
2019-05-24,8177.1,True
2019-05-25,8158.18,True
2019-05-26,8774.59,True
2019-05-27,8937.21,True
2019-05-28,8817.41,True
2019-05-29,8762.39,True
2019-05-30,9078.1,True
2019-05-31,8574.75,True
2019-06-01,8619.24,True
2019-06-02,8830.0,True
2019-06-03,8741.79,True
2019-06-04,8028.38,True
2019-06-05,7908.11,True
2019-06-06,7874.19,True
2019-06-07,8129.15,True
2019-06-08,8058.14,True
2019-06-09,7963.94,True
2019-06-10,8064.83,True
2019-06-11,8053.84,True
2019-06-12,8250.83,True
2019-06-13,8335.56,True
2019-06-14,8731.11,True
2019-06-15,8899.0,True
2019-06-16,9389.26,True
2019-06-17,9457.71,True
2019-06-18,9360.16,True
2019-06-19,9325.85,True
2019-06-20,9600.0,True
2019-06-21,10222.12,True
2019-06-22,11191.59,True
2019-06-23,11245.0,True
2019-06-24,11086.83,True
2019-06-25,11795.02,True
2019-06-26,13850.57,True
2019-06-27,13336.39,True
2019-06-28,12445.97,True
2019-06-29,12369.47,True
2019-06-30,12195.08,True
2019-07-01,11176.48,True
2019-07-02,10909.65,True
2019-07-03,11991.59,True
2019-07-04,12050.34,True
2019-07-05,11413.85,True
2019-07-06,11724.99,True
2019-07-07,11615.85,True
2019-07-08,12391.86,True
2019-07-09,12819.3,True
2019-07-10,13186.99,True
2019-07-11,12076.05,True
2019-07-12,11942.24,True
2019-07-13,11846.61,True
2019-07-14,11460.53,True
2019-07-15,11064.98,True
2019-07-16,11029.96,True
2019-07-17,9977.24,True
2019-07-18,10748.83,True
2019-07-19,10776.99,True
2019-07-20,11100.0,True
2019-07-21,10838.3,True
2019-07-22,10672.79,True
2019-07-23,10322.63,True
2019-07-24,9906.85,True
2019-07-25,10184.68,True
2019-07-26,9880.74,True
2019-07-27,10187.06,True
2019-07-28,9628.94,True
2019-07-29,9697.37,True
2019-07-30,9743.41,True
2019-07-31,10100.09,True
2019-08-01,10488.13,True
2019-08-02,10669.99,True
2019-08-03,10918.07,True
2019-08-04,11058.04,True
2019-08-05,11945.54,True
2019-08-06,12316.33,True
2019-08-07,12120.64,True
2019-08-08,12050.88,True
2019-08-09,12028.19,True
2019-08-10,11961.81,True
2019-08-11,11570.04,True
2019-08-12,11528.9,True
2019-08-13,11431.65,True
2019-08-14,10862.25,True
2019-08-15,10444.64,True
2019-08-16,10535.17,True
2019-08-17,10468.75,True
2019-08-18,10514.31,True
2019-08-19,10933.31,True
2019-08-20,10950.0,True
2019-08-21,10795.78,True
2019-08-22,10226.01,True
2019-08-23,10461.82,True
2019-08-24,10431.98,True
2019-08-25,10330.61,True
2019-08-26,10650.0,True
2019-08-27,10369.82,True
2019-08-28,10275.31,True
2019-08-29,9710.05,True
2019-08-30,9678.12,True
2019-08-31,9680.0,True
2019-09-01,9815.17,True
2019-09-02,10462.95,True
2019-09-03,10772.85,True
2019-09-04,10819.65,True
2019-09-05,10659.79,True
2019-09-06,10943.13,True
2019-09-07,10563.24,True
2019-09-08,10593.4,True
2019-09-09,10540.95,True
2019-09-10,10390.08,True
2019-09-11,10226.59,True
2019-09-12,10461.97,True
2019-09-13,10450.0,True
2019-09-14,10437.76,True
2019-09-15,10383.19,True
2019-09-16,10377.96,True
2019-09-17,10275.87,True
2019-09-18,10263.65,True
2019-09-19,10360.0,True
2019-09-20,10308.03,True
2019-09-21,10175.8,True
2019-09-22,10073.06,True
2019-09-23,10047.32,True
2019-09-24,9771.96,True
2019-09-25,8736.45,True
2019-09-26,8457.19,True
2019-09-27,8273.56,True
2019-09-28,8320.0,True
2019-09-29,8240.42,True
2019-09-30,8350.81,True
2019-10-01,8520.79,True
2019-10-02,8389.0,True
2019-10-03,8412.04,True
2019-10-04,8244.93,True
2019-10-05,8195.0,True
2019-10-06,8176.46,True
2019-10-07,8301.4,True
2019-10-08,8344.12,True
2019-10-09,8682.54,True
2019-10-10,8661.46,True
2019-10-11,8778.32,True
2019-10-12,8403.5,True
2019-10-13,8467.65,True
2019-10-14,8394.42,True
2019-10-15,8400.0,True
2019-10-16,8177.78,True
2019-10-17,8123.49,True
2019-10-18,8117.9,True
2019-10-19,8069.9,True
2019-10-20,8300.91,True
2019-10-21,8308.52,True
2019-10-22,8295.77,True
2019-10-23,8048.97,True
2019-10-24,7509.28,True
2019-10-25,8727.76,True
2019-10-26,10312.81,True
2019-10-27,9793.42,True
2019-10-28,9919.0,True
2019-10-29,9554.28,True
2019-10-30,9436.95,True
2019-10-31,9396.41,True
2019-11-01,9290.0,True
2019-11-02,9393.7,True
2019-11-03,9382.91,True
2019-11-04,9538.75,True
2019-11-05,9476.97,True
2019-11-06,9437.79,True
2019-11-07,9373.48,True
2019-11-08,9253.25,True
2019-11-09,8876.84,True
2019-11-10,9126.79,True
2019-11-11,9070.04,True
2019-11-12,8849.91,True
2019-11-13,8828.16,True
2019-11-14,8785.0,True
2019-11-15,8762.99,True
2019-11-16,8525.0,True
2019-11-17,8610.09,True
2019-11-18,8506.57,True
2019-11-19,8197.76,True
2019-11-20,8198.4,True
2019-11-21,8114.43,True
2019-11-22,7714.7,True
2019-11-23,7356.35,True
2019-11-24,7340.11,True
2019-11-25,7354.99,True
2019-11-26,7339.05,True
2019-11-27,7654.92,True
2019-11-28,7657.13,True
2019-11-29,7839.61,True
2019-11-30,7803.14,True
2019-12-01,7556.1,True
2019-12-02,7431.07,True
2019-12-03,7405.61,True
2019-12-04,7695.25,True
2019-12-05,7473.44,True
2019-12-06,7612.02,True
2019-12-07,7599.11,True
2019-12-08,7569.99,True
2019-12-09,7638.03,True
2019-12-10,7385.16,True
2019-12-11,7271.0,True
2019-12-12,7288.45,True
2019-12-13,7289.95,True
2019-12-14,7269.0,True
2019-12-15,7173.87,True
2019-12-16,7134.49,True
2019-12-17,6938.75,True
2019-12-18,7445.01,True
2019-12-19,7359.56,True
2019-12-20,7213.6,True
2019-12-21,7194.13,True
2019-12-22,7516.08,True
2019-12-23,7692.98,True
2019-12-24,7410.78,True
2019-12-25,7265.0,True
2019-12-26,7424.0,True
2019-12-27,7252.43,True
2019-12-28,7349.64,True
2019-12-29,7516.99,True
2019-12-30,7384.9,True
2019-12-31,7296.0,True
2020-01-01,7232.75,True
2020-01-02,7184.94,True
2020-01-03,7399.78,True
2020-01-04,7384.75,True
2020-01-05,7488.46,True
2020-01-06,7792.14,True
2020-01-07,8200.0,True
2020-01-08,8457.77,True
2020-01-09,8031.55,True
2020-01-10,8200.0,True
2020-01-11,8274.0,True
2020-01-12,8180.76,True
2020-01-13,8195.0,True
2020-01-14,8885.18,True
2020-01-15,8898.0,True
2020-01-16,8852.35,True
2020-01-17,8996.39,True
2020-01-18,8980.37,True
2020-01-19,9188.1,True
2020-01-20,8735.0,True
2020-01-21,8769.61,True
2020-01-22,8784.28,True
2020-01-23,8665.95,True
2020-01-24,8511.59,True
2020-01-25,8437.47,True
2020-01-26,8596.75,True
2020-01-27,8983.93,True
2020-01-28,9402.78,True
2020-01-29,9415.18,True
2020-01-30,9568.0,True
2020-01-31,9517.48,True
2020-02-01,9455.66,True
2020-02-02,9471.38,True
2020-02-03,9576.34,True
2020-02-04,9348.6,True
2020-02-05,9755.55,True
2020-02-06,9852.82,True
2020-02-07,9860.19,True
2020-02-08,9941.94,True
2020-02-09,10175.0,True
2020-02-10,10197.95,True
2020-02-11,10367.84,True
2020-02-12,10491.33,True
2020-02-13,10500.0,True
2020-02-14,10393.46,True
2020-02-15,10390.52,True
2020-02-16,10046.3,True
2020-02-17,9956.27,True
2020-02-18,10266.0,True
2020-02-19,10288.0,True
2020-02-20,9679.46,True
2020-02-21,9772.75,True
2020-02-22,9719.99,True
2020-02-23,9997.22,True
2020-02-24,10022.76,True
2020-02-25,9676.56,True
2020-02-26,9367.54,True
2020-02-27,8969.9,True
2020-02-28,8898.29,True
2020-02-29,8804.51,True
2020-03-01,8743.92,True
2020-03-02,8970.21,True
2020-03-03,8920.0,True
2020-03-04,8849.98,True
2020-03-05,9165.19,True
2020-03-06,9173.7,True
2020-03-07,9203.92,True
2020-03-08,8886.99,True
2020-03-09,8169.0,True
2020-03-10,8158.42,True
2020-03-11,7983.73,True
2020-03-12,7966.53,True
2020-03-13,5990.35,True
2020-03-14,5659.13,True
2020-03-15,5965.77,True
2020-03-16,5342.55,True
2020-03-17,5536.27,True
2020-03-18,5452.43,True
2020-03-19,6433.98,True
2020-03-20,6901.82,True
2020-03-21,6461.91,True
2020-03-22,6413.16,True
2020-03-23,6618.34,True
2020-03-24,6837.06,True
2020-03-25,6971.41,True
2020-03-26,6788.55,True
2020-03-27,6865.45,True
2020-03-28,6342.05,True
2020-03-29,6275.11,True
2020-03-30,6610.74,True
2020-03-31,6525.87,True
2020-04-01,6689.25,True
2020-04-02,7234.6,True
2020-04-03,7039.51,True
2020-04-04,6964.43,True
2020-04-05,6905.0,True
2020-04-06,7352.43,True
2020-04-07,7463.51,True
2020-04-08,7418.58,True
2020-04-09,7376.59,True
2020-04-10,7305.37,True
2020-04-11,6950.78,True
2020-04-12,7199.76,True
2020-04-13,6903.52,True
2020-04-14,6986.0,True
2020-04-15,6938.61,True
2020-04-16,7210.0,True
2020-04-17,7147.92,True
2020-04-18,7292.57,True
2020-04-19,7270.0,True
2020-04-20,7219.04,True
2020-04-21,6943.0,True
2020-04-22,7167.18,True
2020-04-23,7663.02,True
2020-04-24,7610.0,True
2020-04-25,7680.0,True
2020-04-26,7706.99,True
2020-04-27,7797.39,True
2020-04-28,7781.51,True
2020-04-29,8964.61,True
2020-04-30,9461.63,True
2020-05-01,9069.36,True
2020-05-02,9011.29,True
2020-05-03,9200.45,True
2020-05-04,8970.28,True
2020-05-05,9116.88,True
2020-05-06,9400.79,True
2020-05-07,10061.55,True
2020-05-08,10042.47,True
2020-05-09,9914.0,True
2020-05-10,9559.54,True
2020-05-11,9153.46,True
2020-05-12,8970.81,True
2020-05-13,9413.61,True
2020-05-14,9937.0,True
2020-05-15,9836.79,True
2020-05-16,9579.04,True
2020-05-17,9892.51,True
2020-05-18,9942.32,True
2020-05-19,9895.14,True
2020-05-20,9830.16,True
2020-05-21,9559.25,True
2020-05-22,9265.22,True
2020-05-23,9310.53,True
2020-05-24,9310.52,True
2020-05-25,8970.64,True
2020-05-26,9000.02,True
2020-05-27,9212.98,True
2020-05-28,9614.6,True
2020-05-29,9603.63,True
2020-05-30,9733.1,True
2020-05-31,9690.08,True
2020-06-01,10367.22,True
2020-06-02,10222.88,True
2020-06-03,9668.99,True
2020-06-04,9879.53,True
2020-06-05,9847.84,True
2020-06-06,9731.48,True
2020-06-07,9789.46,True
2020-06-08,9809.3,True
2020-06-09,9870.0,True
2020-06-10,10003.32,True
2020-06-11,9958.11,True
2020-06-12,9541.52,True
2020-06-13,9476.55,True
2020-06-14,9473.53,True
2020-06-15,9499.0,True
2020-06-16,9581.89,True
2020-06-17,9548.78,True
2020-06-18,9475.0,True
2020-06-19,9421.2,True
2020-06-20,9390.0,True
2020-06-21,9408.0,True
2020-06-22,9747.3,True
2020-06-23,9724.17,True
2020-06-24,9664.46,True
2020-06-25,9343.49,True
2020-06-26,9288.22,True
2020-06-27,9189.0,True
2020-06-28,9184.0,True
2020-06-29,9234.07,True
2020-06-30,9201.95,True
2020-07-01,9296.42,True
2020-07-02,9268.54,True
2020-07-03,9125.52,True
2020-07-04,9193.99,True
2020-07-05,9147.37,True
2020-07-06,9358.51,True
2020-07-07,9375.25,True
2020-07-08,9479.57,True
2020-07-09,9446.28,True
2020-07-10,9316.02,True
2020-07-11,9301.82,True
2020-07-12,9332.7,True
2020-07-13,9333.63,True
2020-07-14,9280.0,True
2020-07-15,9275.14,True
2020-07-16,9216.13,True
2020-07-17,9180.39,True
2020-07-18,9205.52,True
2020-07-19,9232.67,True
2020-07-20,9222.01,True
2020-07-21,9431.05,True
2020-07-22,9554.97,True
2020-07-23,9664.67,True
2020-07-24,9650.0,True
2020-07-25,9746.29,True
2020-07-26,10159.8,True
2020-07-27,11404.85,True
2020-07-28,11254.38,True
2020-07-29,11345.86,True
2020-07-30,11186.43,True
2020-07-31,11451.08,True
2020-08-01,11882.92,True
2020-08-02,12093.49,True
2020-08-03,11478.01,True
2020-08-04,11420.0,True
2020-08-05,11795.59,True
2020-08-06,11909.9,True
2020-08-07,11914.73,True
2020-08-08,11817.39,True
2020-08-09,11806.79,True
2020-08-10,12074.98,True
2020-08-11,11942.12,True
2020-08-12,11622.85,True
2020-08-13,11793.26,True
2020-08-14,11857.12,True
2020-08-15,11981.07,True
2020-08-16,11934.96,True
2020-08-17,12461.68,True
2020-08-18,12400.74,True
2020-08-19,12021.17,True
2020-08-20,11893.47,True
2020-08-21,11886.53,True
2020-08-22,11689.54,True
2020-08-23,11708.96,True
2020-08-24,11826.99,True
2020-08-25,11771.33,True
2020-08-26,11544.48,True
2020-08-27,11584.18,True
2020-08-28,11546.78,True
2020-08-29,11591.37,True
2020-08-30,11715.69,True
2020-08-31,11775.61,True
2020-09-01,12063.04,True
2020-09-02,11955.26,True
2020-09-03,11449.66,True
2020-09-04,10622.09,True
2020-09-05,10560.53,True
2020-09-06,10352.1,True
2020-09-07,10404.5,True
2020-09-08,10440.34,True
2020-09-09,10348.34,True
2020-09-10,10483.0,True
2020-09-11,10409.44,True
2020-09-12,10476.97,True
2020-09-13,10576.64,True
2020-09-14,10761.99,True
2020-09-15,10935.53,True
2020-09-16,11100.0,True
2020-09-17,11045.27,True
2020-09-18,11026.75,True
2020-09-19,11165.48,True
2020-09-20,11071.85,True
2020-09-21,10988.2,True
2020-09-22,10573.05,True
2020-09-23,10539.62,True
2020-09-24,10789.23,True
2020-09-25,10758.25,True
2020-09-26,10810.05,True
2020-09-27,10802.22,True
2020-09-28,10943.49,True
2020-09-29,10855.81,True
2020-09-30,10845.0,True
2020-10-01,10915.0,True
2020-10-02,10663.54,True
2020-10-03,10598.44,True
2020-10-04,10698.33,True
2020-10-05,10795.0,True
2020-10-06,10798.13,True
2020-10-07,10681.41,True
2020-10-08,10940.79,True
2020-10-09,11102.44,True
2020-10-10,11462.03,True
2020-10-11,11430.0,True
2020-10-12,11715.09,True
2020-10-13,11562.06,True
2020-10-14,11549.73,True
2020-10-15,11595.54,True
2020-10-16,11547.64,True
2020-10-17,11403.48,True
2020-10-18,11519.99,True
2020-10-19,11820.0,True
2020-10-20,12042.48,True
2020-10-21,13216.17,True
2020-10-22,13200.49,True
2020-10-23,13035.08,True
2020-10-24,13176.9,True
2020-10-25,13355.85,True
2020-10-26,13240.12,True
2020-10-27,13782.89,True
2020-10-28,13856.06,True
2020-10-29,13640.0,True
2020-10-30,13673.76,True
2020-10-31,14060.3,True
2020-11-01,13893.03,True
2020-11-02,13840.8,True
2020-11-03,14072.21,True
2020-11-04,14254.57,True
2020-11-05,15764.94,True
2020-11-06,15966.0,True
2020-11-07,15778.6,True
2020-11-08,15663.13,True
2020-11-09,15854.48,True
2020-11-10,15476.0,True
2020-11-11,15991.01,True
2020-11-12,16356.53,True
2020-11-13,16490.0,True
2020-11-14,16338.43,True
2020-11-15,16151.3,True
2020-11-16,16888.0,True
2020-11-17,17853.16,True
2020-11-18,18467.78,True
2020-11-19,18180.0,True
2020-11-20,18817.11,True
2020-11-21,18975.26,True
2020-11-22,18770.2,True
2020-11-23,18786.31,True
2020-11-24,19439.94,True
2020-11-25,19490.0,True
2020-11-26,18894.77,True
2020-11-27,17450.0,True
2020-11-28,17896.03,True
2020-11-29,18333.65,True
2020-11-30,19848.46,True
2020-12-01,19905.43,True
2020-12-02,19335.77,True
2020-12-03,19619.68,True
2020-12-04,19535.72,True
2020-12-05,19180.4,True
2020-12-06,19409.82,True
2020-12-07,19422.32,True
2020-12-08,19297.79,True
2020-12-09,18645.05,True
2020-12-10,18562.13,True
2020-12-11,18283.77,True
2020-12-12,18924.65,True
2020-12-13,19409.54,True
2020-12-14,19342.93,True
2020-12-15,19555.54,True
2020-12-16,21555.81,True
2020-12-17,23728.08,True
2020-12-18,23280.0,True
2020-12-19,24162.64,True
2020-12-20,24260.59,True
2020-12-21,24104.07,True
2020-12-22,23835.1,True
2020-12-23,24069.22,True
2020-12-24,23767.0,True
2020-12-25,24760.0,True
2020-12-26,26776.58,True
2020-12-27,28339.84,True
2020-12-28,27422.71,True
2020-12-29,27393.99,True
2020-12-30,28997.38,True
2020-12-31,29299.94,True
2021-01-01,29675.0,True
2021-01-02,33244.4,True
2021-01-03,34800.0,True
2021-01-04,33645.26,True
2021-01-05,34498.0,True
2021-01-06,37010.0,True
2021-01-07,40353.04,True
2021-01-08,41969.31,True
2021-01-09,41409.36,True
2021-01-10,41439.95,True
2021-01-11,38261.39,True
2021-01-12,36600.0,True
2021-01-13,37754.68,True
2021-01-14,40045.98,True
2021-01-15,39671.2,True
2021-01-16,37929.46,True
2021-01-17,36784.34,True
2021-01-18,37401.0,True
2021-01-19,37819.85,True
2021-01-20,36424.53,True
2021-01-21,35614.52,True
2021-01-22,33850.77,True
2021-01-23,33443.49,True
2021-01-24,33059.34,True
2021-01-25,34843.07,True
2021-01-26,32919.12,True
2021-01-27,32580.0,True
2021-01-28,33836.66,True
2021-01-29,38616.99,True
2021-01-30,34901.94,True
2021-01-31,34377.35,True
2021-02-01,34701.0,True
2021-02-02,35982.34,True
2021-02-03,37691.63,True
2021-02-04,38721.31,True
2021-02-05,38333.77,True
2021-02-06,40988.2,True
2021-02-07,39699.8,True
2021-02-08,46483.91,True
2021-02-09,48200.0,True
2021-02-10,47349.01,True
2021-02-11,48650.0,True
2021-02-12,48893.87,True
2021-02-13,48142.97,True
2021-02-14,49708.75,True
2021-02-15,49015.48,True
2021-02-16,50500.0,True
2021-02-17,52592.33,True
2021-02-18,52556.62,True
2021-02-19,56385.21,True
2021-02-20,57520.07,True
2021-02-21,58354.14,True
2021-02-22,57555.99,True
2021-02-23,54149.29,True
2021-02-24,51390.74,True
2021-02-25,52065.45,True
2021-02-26,48457.36,True
2021-02-27,48340.69,True
2021-02-28,46605.54,True
2021-03-01,49800.43,True
2021-03-02,50245.85,True
2021-03-03,52570.13,True
2021-03-04,51789.29,True
2021-03-05,49431.48,True
2021-03-06,49199.0,True
2021-03-07,51430.41,True
2021-03-08,52427.8,True
2021-03-09,54932.09,True
2021-03-10,57336.71,True
2021-03-11,58124.93,True
2021-03-12,58021.59,True
2021-03-13,61781.8,True
2021-03-14,61690.53,True
2021-03-15,60571.69,True
2021-03-16,56908.34,True
2021-03-17,58967.04,True
2021-03-18,60058.69,True
2021-03-19,59442.12,True
2021-03-20,59856.98,True
2021-03-21,58606.8,True
2021-03-22,58366.0,True
2021-03-23,55825.0,True
2021-03-24,57138.62,True
2021-03-25,53215.89,True
2021-03-26,55099.23,True
2021-03-27,56591.9,True
2021-03-28,56545.59,True
2021-03-29,58309.35,True
2021-03-30,59371.86,True
2021-03-31,58778.18,True
2021-04-01,59733.7,True
2021-04-02,59205.3,True
2021-04-03,57325.1,True
2021-04-04,57555.1,True
2021-04-05,58800.4,True
2021-04-06,57907.1,True
2021-04-07,56580.9,True
2021-04-08,58081.2,True
2021-04-09,59119.4,True
2021-04-10,60319.8,True
2021-04-11,60211.2,True
2021-04-12,60535.5,True
2021-04-13,63809.0,True
2021-04-14,63001.1,True
2021-04-15,63063.3,True
2021-04-16,62376.3,True
2021-04-17,53728.9,True
2021-04-18,57230.4,True
2021-04-19,54759.9,True
2021-04-20,55500.5,True
2021-04-21,53351.4,True
2021-04-22,50197.1,True
2021-04-23,50207.0,True
2021-04-24,49705.9,True
2021-04-25,52265.6,True
2021-04-26,53527.9,True
2021-04-27,55019.8,True
2021-04-28,54165.8,True
2021-04-29,53667.0,True
2021-04-30,58188.8,True
2021-05-01,56591.0,True
2021-05-02,57961.5,True
2021-05-03,55470.2,True
2021-05-04,55085.6,True
2021-05-05,56860.9,True
2021-05-06,55920.0,True
2021-05-07,58058.1,True
2021-05-08,58976.3,True
2021-05-09,59352.4,True
2021-05-10,55126.4,True
2021-05-11,57752.6,True
2021-05-12,49715.2,True
2021-05-13,49391.5,True
2021-05-14,49762.8,True
2021-05-15,47875.9,True
2021-05-16,43493.4,True
2021-05-17,44847.2,True
2021-05-18,40569.0,True
2021-05-19,38220.1,True
